ID,No.,Type,Star,Name,Doll ID,Doll,Damage,Accuracy,Evasion,Move Speed,Rate of Fire,Crit.Rate,Crit.Damage,Armor Pen.,Armor,Shield,Damage Amplify,Damage Reduction,Night View,Rounds,Equip Exp,Equip Level,Adjust Count,Locked
8363011,76,Buckshot,★★★★★,#000 Buckshot,-,-,15,0,0,0,0,22%,0%,0,0,0,0%,0%,0%,0,10000,10,16,Locked
8521894,68,Ammunition Box,★★★★★,IOP Maximum Ammo Box,-,-,0,0,-3,0,0,0%,0%,0,0,0,0%,0%,0%,5,10075,10,1,Locked
8532303,40,T-Exo,★★★★★,IOP T4 Exoskeleton,-,-,-8,0,35,0,0,0%,0%,0,0,0,0%,0%,0%,0,10050,10,4,Locked
8575165,44,Armor Plate,★★★★★,Type 3 Armor Plate,-,-,0,0,-2,0,0,0%,0%,0,11,0,0%,0%,0%,0,10025,10,3,Locked
8628050,19,Armor-piercing,★★★★,Mk169 Armor-Piercing Ammo,-,-,0,0,0,0,0,0%,0%,150,0,0,0%,0%,0%,0,5075,10,3,Locked
8628051,16,Night Equipment,★★★★★,PEQ-16A,-,-,0,0,0,0,0,0%,0%,0,0,0,0%,0%,100%,0,0,0,14,Locked
8669460,4,Optical,★★★★★,VFL 6-24X56,44698527,M4A1 Mod,0,0,0,0,0,0%,47%,0,0,0,0%,0%,0%,0,10000,10,0,Locked
8864922,109,Optical,★★★★★,16Lab 6-24X56,-,-,0,0,0,0,0,0%,48%,0,0,0,0%,0%,0%,0,10050,10,0,Locked
8947437,12,Red Dot,★★★★★,ITI MARS,-,-,0,30,0,0,-1,0%,0%,0,0,0,0%,0%,0%,0,10000,10,6,Locked
9016969,80,Slug,★★★★★,SABOT Slug,-,-,0,11,0,0,0,0%,0%,0,0,0,0%,0%,0%,0,1300,4,6,Locked
9412703,8,Holographic,★★★★★,EOT 518,-,-,8,14,0,0,-4,0%,0%,0,0,0,0%,0%,0%,0,10000,10,26,Locked
9438278,110,High-velocity,★★★★★,16Lab High-Velocity Ammo,-,-,20,0,0,0,0,0%,0%,0,0,0,0%,0%,0%,0,10075,10,0,Locked
9457666,12,Red Dot,★★★★★,ITI MARS,-,-,0,13,0,0,-1,0%,0%,0,0,0,0%,0%,0%,0,0,0,3,Locked
9470062,109,Optical,★★★★★,16Lab 6-24X56,47790947,M1918 Mod,0,0,0,0,0,0%,48%,0,0,0,0%,0%,0%,0,10050,10,0,Locked
9501752,12,Red Dot,★★★★★,ITI MARS,-,-,0,12,0,0,-1,0%,0%,0,0,0,0%,0%,0%,0,0,0,6,Locked
9633152,8,Holographic,★★★★★,EOT 518,-,-,8,14,0,0,-4,0%,0%,0,0,0,0%,0%,0%,0,10000,10,16,Locked
9768289,108,Exclusive,★★★★★,Blue Thick Cape,-,-,0,0,0,-3,1,11%,0%,0,0,0,0%,0%,0%,0,0,0,0,Locked
10372491,40,T-Exo,★★★★★,IOP T4 Exoskeleton,-,-,-6,0,35,0,0,0%,0%,0,0,0,0%,0%,0%,0,10025,10,6,Locked
10564785,66,Suppressor,★★★★★,AC4 Suppressor,-,-,0,0,10,0,0,0%,20%,0,0,0,0%,0%,0%,0,10025,10,6,Locked
10576225,58,X-Exo,★★★★★,IOP X4 Exoskeleton,-,-,0,0,20,0,0,0%,0%,0,0,0,0%,0%,0%,0,10050,10,6,Locked
10600224,32,High-velocity,★★★★★,APCR High-Velocity Ammo,-,-,20,0,0,0,0,0%,0%,0,0,0,0%,0%,0%,0,10000,10,3,Locked
10600230,32,High-velocity,★★★★★,APCR High-Velocity Ammo,44698527,M4A1 Mod,20,0,0,0,0,0%,0%,0,0,0,0%,0%,0%,0,10000,10,5,Locked
10663505,4,Optical,★★★★★,VFL 6-24X56,172425880,Defender,0,0,0,0,0,0%,48%,0,0,0,0%,0%,0%,0,10000,10,11,Locked
10705555,20,Armor-piercing,★★★★★,Mk211 High-Explosive Armor-Piercing Ammo,-,-,0,0,0,0,0,0%,0%,180,0,0,0%,0%,0%,0,10050,10,8,Locked
11080856,92,Exclusive,★★★★★,UMP UX Exoskeleton,-,-,0,0,35,0,0,25%,0%,0,0,0,0%,0%,0%,0,30025,10,16,Locked
11352064,92,Exclusive,★★★★★,UMP UX Exoskeleton,-,-,0,0,35,0,0,19%,0%,0,0,0,0%,0%,0%,0,30000,10,16,Locked
11424330,20,Armor-piercing,★★★★★,Mk211 High-Explosive Armor-Piercing Ammo,-,-,0,0,0,0,0,0%,0%,180,0,0,0%,0%,0%,0,10075,10,5,Locked
11523868,72,Hollow-point,★★★★★,ILM Hollow-Point Ammo,-,-,15,0,0,0,0,0%,0%,-7,0,0,0%,0%,0%,0,10000,10,15,Locked
11716511,16,Night Equipment,★★★★★,PEQ-16A,-,-,0,0,0,0,0,0%,0%,0,0,0,0%,0%,100%,0,0,0,20,Locked
12044134,8,Holographic,★★★★★,EOT 518,-,-,8,14,0,0,-4,0%,0%,0,0,0,0%,0%,0%,0,10000,10,9,Locked
12060111,121,Exo,★★★★★,16Lab T4 Exoskeleton,-,-,-6,0,35,0,0,0%,0%,0,0,0,0%,0%,0%,0,10050,10,0,Locked
12118559,120,Red Dot,★★★★★,16Lab MARS,-,-,0,30,0,0,-1,0%,0%,0,0,0,0%,0%,0%,0,10000,10,0,Locked
12159926,4,Optical,★★★★★,VFL 6-24X56,142449719,Kord,0,0,0,0,0,0%,48%,0,0,0,0%,0%,0%,0,10025,10,15,Locked
12192078,44,Armor Plate,★★★★★,Type 3 Armor Plate,-,-,0,0,-2,0,0,0%,0%,0,11,0,0%,0%,0%,0,10000,10,4,Locked
12354661,49,Night Equipment,★★★★★,16Lab Infrared Designator,-,-,0,0,0,0,0,0%,0%,0,0,0,0%,0%,100%,0,0,0,0,Locked
12405132,20,Armor-piercing,★★★★★,Mk211 High-Explosive Armor-Piercing Ammo,-,-,0,0,0,0,0,0%,0%,180,0,0,0%,0%,0%,0,10000,10,16,Locked
12478060,50,Armor-piercing,★★★★★,16Lab Sub-Caliber Armor-Piercing Ammo,-,-,0,0,0,0,0,0%,0%,180,0,0,0%,0%,0%,0,10000,10,0,Locked
12659314,8,Holographic,★★★★★,EOT 518,-,-,8,14,0,0,-4,0%,0%,0,0,0,0%,0%,0%,0,10000,10,6,Locked
12684390,32,High-velocity,★★★★★,APCR High-Velocity Ammo,-,-,20,0,0,0,0,0%,0%,0,0,0,0%,0%,0%,0,10050,10,3,Locked
12728236,8,Holographic,★★★★★,EOT 518,-,-,4,9,0,0,-5,0%,0%,0,0,0,0%,0%,0%,0,0,0,0,Locked
12807886,20,Armor-piercing,★★★★★,Mk211 High-Explosive Armor-Piercing Ammo,-,-,0,0,0,0,0,0%,0%,180,0,0,0%,0%,0%,0,10000,10,12,Locked
12908478,4,Optical,★★★★★,VFL 6-24X56,-,-,0,0,0,0,0,0%,47%,0,0,0,0%,0%,0%,0,10000,10,0,Locked
13020673,20,Armor-piercing,★★★★★,Mk211 High-Explosive Armor-Piercing Ammo,-,-,0,0,0,0,0,0%,0%,180,0,0,0%,0%,0%,0,10000,10,9,Locked
13114658,58,X-Exo,★★★★★,IOP X4 Exoskeleton,-,-,0,0,20,0,0,0%,0%,0,0,0,0%,0%,0%,0,10000,10,2,Locked
13116004,4,Optical,★★★★★,VFL 6-24X56,-,-,0,0,0,0,0,0%,48%,0,0,0,0%,0%,0%,0,10000,10,8,Locked
13125506,44,Armor Plate,★★★★★,Type 3 Armor Plate,-,-,0,0,-3,0,0,0%,0%,0,11,0,0%,0%,0%,0,10000,10,2,Locked
13137572,8,Holographic,★★★★★,EOT 518,-,-,8,14,0,0,-4,0%,0%,0,0,0,0%,0%,0%,0,10000,10,6,Locked
13182815,66,Suppressor,★★★★★,AC4 Suppressor,-,-,0,0,10,0,0,0%,20%,0,0,0,0%,0%,0%,0,10000,10,16,Locked
13210660,95,Hollow-point,★★★★★,16Lab Hollow-Point,104519555,Python,15,0,0,0,0,0%,0%,-7,0,0,0%,0%,0%,0,10000,10,0,Locked
13305668,12,Red Dot,★★★★★,ITI MARS,-,-,0,30,0,0,-1,0%,0%,0,0,0,0%,0%,0%,0,10000,10,11,Locked
13718055,58,X-Exo,★★★★★,IOP X4 Exoskeleton,-,-,0,0,20,0,0,0%,0%,0,0,0,0%,0%,0%,0,10000,10,5,Locked
13719088,8,Holographic,★★★★★,EOT 518,-,-,8,14,0,0,-4,0%,0%,0,0,0,0%,0%,0%,0,10000,10,16,Locked
14004538,20,Armor-piercing,★★★★★,Mk211 High-Explosive Armor-Piercing Ammo,-,-,0,0,0,0,0,0%,0%,180,0,0,0%,0%,0%,0,10000,10,26,Locked
14124519,4,Optical,★★★★★,VFL 6-24X56,-,-,0,0,0,0,0,0%,48%,0,0,0,0%,0%,0%,0,10000,10,2,Locked
14292996,137,Exclusive,★★★★★,Adelhyde,-,-,0,0,15,0,0,0%,0%,0,0,0,0%,0%,0%,0,0,0,0,Locked
14292997,138,Exclusive,★★★★★,Flanergide,-,-,0,0,15,0,0,0%,0%,0,0,0,0%,0%,0%,0,0,0,0,Locked
14292998,139,Exclusive,★★★★★,Adelhyde,-,-,0,0,15,0,0,0%,0%,0,0,0,0%,0%,0%,0,0,0,0,Locked
14292999,140,Exclusive,★★★★★,Bronson Extract,-,-,0,0,15,0,0,0%,0%,0,0,0,0%,0%,0%,0,0,0,0,Locked
14293000,141,Exclusive,★★★★★,Powdered Delta,-,-,0,0,15,0,0,0%,0%,0,0,0,0%,0%,0%,0,0,0,0,Locked
14293001,142,Exclusive,★★★★★,Karmotrine,-,-,0,0,15,0,0,0%,0%,0,0,0,0%,0%,0%,0,0,0,0,Locked
14293002,143,Exclusive,★★★★★,Karmotrine,-,-,0,0,15,0,0,0%,0%,0,0,0,0%,0%,0%,0,0,0,0,Locked
14293003,144,Exclusive,★★★★★,Karmotrine,-,-,0,0,15,0,0,0%,0%,0,0,0,0%,0%,0%,0,0,0,0,Locked
14294096,147,Exclusive,★★★★★,White Knight's Armor,-,-,0,0,34,0,0,0%,0%,0,0,0,0%,0%,0%,0,30000,10,11,Locked
14319391,146,Exclusive,★★★★★,MIRD Class-5 Rounds,-,-,22,0,0,0,0,0%,0%,-7,0,0,0%,0%,0%,0,30000,10,7,Locked
14319394,148,Exclusive,★★★★★,Prosthetic Eye,-,-,0,0,0,-3,3,30%,0%,0,0,0,0%,0%,0%,0,30000,10,6,Locked
14319402,149,Exclusive,★★★★★,Cybernetic Hands,-,-,6,0,-2,0,0,0%,0%,0,0,0,0%,0%,0%,6,30000,10,16,Locked
14319407,145,Exclusive,★★★★★,Prosthetic Arm,-,-,6,0,-2,0,0,0%,0%,0,11,0,0%,0%,0%,0,30000,10,6,Locked
14702446,76,Buckshot,★★★★★,#000 Buckshot,-,-,8,0,0,0,0,11%,0%,0,0,0,0%,0%,0%,0,0,0,0,Locked
14757006,80,Slug,★★★★★,SABOT Slug,-,-,0,20,0,0,0,0%,0%,0,0,0,0%,0%,0%,0,10000,10,12,Locked
14757639,32,High-velocity,★★★★★,APCR High-Velocity Ammo,-,-,20,0,0,0,0,0%,0%,0,0,0,0%,0%,0%,0,10000,10,3,Locked
14778529,68,Ammunition Box,★★★★★,IOP Maximum Ammo Box,-,-,0,0,-3,0,0,0%,0%,0,0,0,0%,0%,0%,5,10000,10,1,Locked
14802198,16,Night Equipment,★★★★★,PEQ-16A,-,-,0,0,0,0,0,0%,0%,0,0,0,0%,0%,100%,0,0,0,14,Locked
14963863,32,High-velocity,★★★★★,APCR High-Velocity Ammo,-,-,20,0,0,0,0,0%,0%,0,0,0,0%,0%,0%,0,10025,10,3,Locked
15017489,72,Hollow-point,★★★★★,ILM Hollow-Point Ammo,44213768,M1895 Mod,15,0,0,0,0,0%,0%,-7,0,0,0%,0%,0%,0,10000,10,16,Locked
15093587,80,Slug,★★★★★,SABOT Slug,-,-,0,11,0,0,0,0%,0%,0,0,0,0%,0%,0%,0,1300,4,0,Locked
15153500,20,Armor-piercing,★★★★★,Mk211 High-Explosive Armor-Piercing Ammo,-,-,0,0,0,0,0,0%,0%,180,0,0,0%,0%,0%,0,10025,10,14,Locked
15195651,32,High-velocity,★★★★★,APCR High-Velocity Ammo,-,-,20,0,0,0,0,0%,0%,0,0,0,0%,0%,0%,0,10025,10,5,Locked
15278798,72,Hollow-point,★★★★★,ILM Hollow-Point Ammo,-,-,15,0,0,0,0,0%,0%,-7,0,0,0%,0%,0%,0,10000,10,5,Locked
15330932,16,Night Equipment,★★★★★,PEQ-16A,-,-,0,0,0,0,0,0%,0%,0,0,0,0%,0%,100%,0,0,0,13,Locked
15391550,90,Camouflage Cape,★★★★★,Thermoptic Camouflage Cape,-,-,0,0,0,-3,0,25%,0%,0,0,0,0%,0%,0%,0,10075,10,10,Locked
15409748,44,Armor Plate,★★★★★,Type 3 Armor Plate,-,-,0,0,-3,0,0,0%,0%,0,11,0,0%,0%,0%,0,10000,10,2,Locked
15419933,20,Armor-piercing,★★★★★,Mk211 High-Explosive Armor-Piercing Ammo,-,-,0,0,0,0,0,0%,0%,180,0,0,0%,0%,0%,0,10050,10,14,Locked
15420762,20,Armor-piercing,★★★★★,Mk211 High-Explosive Armor-Piercing Ammo,-,-,0,0,0,0,0,0%,0%,180,0,0,0%,0%,0%,0,10025,10,16,Locked
15425983,72,Hollow-point,★★★★★,ILM Hollow-Point Ammo,44706445,Stechkin Mod,15,0,0,0,0,0%,0%,-7,0,0,0%,0%,0%,0,10000,10,3,Locked
15429959,66,Suppressor,★★★★★,AC4 Suppressor,-,-,0,0,9,0,0,0%,14%,0,0,0,0%,0%,0%,0,1900,5,1,Locked
15478346,80,Slug,★★★★★,SABOT Slug,-,-,0,20,0,0,0,0%,0%,0,0,0,0%,0%,0%,0,10000,10,6,Locked
15491376,72,Hollow-point,★★★★★,ILM Hollow-Point Ammo,-,-,15,0,0,0,0,0%,0%,-8,0,0,0%,0%,0%,0,10000,10,4,Locked
15499289,20,Armor-piercing,★★★★★,Mk211 High-Explosive Armor-Piercing Ammo,-,-,0,0,0,0,0,0%,0%,180,0,0,0%,0%,0%,0,10000,10,11,Locked
15652243,4,Optical,★★★★★,VFL 6-24X56,-,-,0,0,0,0,0,0%,47%,0,0,0,0%,0%,0%,0,10000,10,0,Locked
15655351,4,Optical,★★★★★,VFL 6-24X56,-,-,0,0,0,0,0,0%,48%,0,0,0,0%,0%,0%,0,10150,10,16,Locked
15678336,16,Night Equipment,★★★★★,PEQ-16A,-,-,0,0,0,0,0,0%,0%,0,0,0,0%,0%,100%,0,0,0,12,Locked
15747195,20,Armor-piercing,★★★★★,Mk211 High-Explosive Armor-Piercing Ammo,-,-,0,0,0,0,0,0%,0%,110,0,0,0%,0%,0%,0,0,0,0,Locked
15780210,20,Armor-piercing,★★★★★,Mk211 High-Explosive Armor-Piercing Ammo,-,-,0,0,0,0,0,0%,0%,180,0,0,0%,0%,0%,0,10000,10,20,Locked
15780213,68,Ammunition Box,★★★★★,IOP Maximum Ammo Box,-,-,0,0,-3,0,0,0%,0%,0,0,0,0%,0%,0%,5,10000,10,1,Locked
15878004,32,High-velocity,★★★★★,APCR High-Velocity Ammo,-,-,20,0,0,0,0,0%,0%,0,0,0,0%,0%,0%,0,10125,10,5,Locked
15894471,4,Optical,★★★★★,VFL 6-24X56,-,-,0,0,0,0,0,0%,48%,0,0,0,0%,0%,0%,0,10000,10,13,Locked
15922126,8,Holographic,★★★★★,EOT 518,-,-,4,7,0,0,-4,0%,0%,0,0,0,0%,0%,0%,0,0,0,0,
16012805,44,Armor Plate,★★★★★,Type 3 Armor Plate,-,-,0,0,-2,0,0,0%,0%,0,6,0,0%,0%,0%,0,0,0,0,
16025195,12,Red Dot,★★★★★,ITI MARS,-,-,0,30,0,0,-1,0%,0%,0,0,0,0%,0%,0%,0,10000,10,1,Locked
16082545,8,Holographic,★★★★★,EOT 518,-,-,4,7,0,0,-5,0%,0%,0,0,0,0%,0%,0%,0,0,0,0,
16105999,4,Optical,★★★★★,VFL 6-24X56,-,-,0,0,0,0,0,0%,48%,0,0,0,0%,0%,0%,0,10000,10,15,Locked
16114763,44,Armor Plate,★★★★★,Type 3 Armor Plate,-,-,0,0,-3,0,0,0%,0%,0,11,0,0%,0%,0%,0,10000,10,1,Locked
16299766,40,T-Exo,★★★★★,IOP T4 Exoskeleton,-,-,-8,0,35,0,0,0%,0%,0,0,0,0%,0%,0%,0,10075,10,4,Locked
16341411,161,Exclusive,★★★★★,Advanced Infantry Sight,-,-,5,0,0,0,0,0%,48%,0,0,0,0%,0%,0%,0,30000,10,16,Locked
16381306,161,Exclusive,★★★★★,Advanced Infantry Sight,-,-,2,0,0,0,0,0%,20%,0,0,0,0%,0%,0%,0,1,0,0,Locked
16493851,110,High-velocity,★★★★★,16Lab High-Velocity Ammo,-,-,20,0,0,0,0,0%,0%,0,0,0,0%,0%,0%,0,10026,10,0,Locked
16493852,95,Hollow-point,★★★★★,16Lab Hollow-Point,-,-,15,0,0,0,0,0%,0%,-7,0,0,0%,0%,0%,0,10026,10,0,Locked
16549185,68,Ammunition Box,★★★★★,IOP Maximum Ammo Box,142449719,Kord,0,0,-2,0,0,0%,0%,0,0,0,0%,0%,0%,5,10000,10,6,Locked
16575994,44,Armor Plate,★★★★★,Type 3 Armor Plate,-,-,0,0,-2,0,0,0%,0%,0,6,0,0%,0%,0%,0,0,0,0,
16700284,44,Armor Plate,★★★★★,Type 3 Armor Plate,-,-,0,0,-2,0,0,0%,0%,0,6,0,0%,0%,0%,0,1,0,0,
16735233,68,Ammunition Box,★★★★★,IOP Maximum Ammo Box,47790947,M1918 Mod,0,0,-2,0,0,0%,0%,0,0,0,0%,0%,0%,4,10001,10,0,Locked
16745971,68,Ammunition Box,★★★★★,IOP Maximum Ammo Box,-,-,0,0,-2,0,0,0%,0%,0,0,0,0%,0%,0%,4,10050,10,0,Locked
16803011,66,Suppressor,★★★★★,AC4 Suppressor,-,-,0,0,9,0,0,0%,14%,0,0,0,0%,0%,0%,0,1900,5,3,Locked
16808553,4,Optical,★★★★★,VFL 6-24X56,-,-,0,0,0,0,0,0%,48%,0,0,0,0%,0%,0%,0,10000,10,12,Locked
16909674,44,Armor Plate,★★★★★,Type 3 Armor Plate,-,-,0,0,-2,0,0,0%,0%,0,7,0,0%,0%,0%,0,0,0,0,
17020543,40,T-Exo,★★★★★,IOP T4 Exoskeleton,-,-,-8,0,35,0,0,0%,0%,0,0,0,0%,0%,0%,0,10050,10,5,Locked
17106826,72,Hollow-point,★★★★★,ILM Hollow-Point Ammo,-,-,15,0,0,0,0,0%,0%,-8,0,0,0%,0%,0%,0,10000,10,8,Locked
17130346,99,Exclusive,★★★★★,Inherited Case,44698527,M4A1 Mod,20,0,0,0,20,0%,0%,0,15,0,0%,0%,0%,0,30000,10,6,Locked
17360647,76,Buckshot,★★★★★,#000 Buckshot,-,-,7,0,0,0,0,12%,0%,0,0,0,0%,0%,0%,0,0,0,0,Locked
17360779,100,Exclusive,★★★★★,Lightweight Rail Kit,-,-,0,10,0,0,0,20%,0%,0,0,0,0%,0%,0%,0,30000,10,10,Locked
17447602,68,Ammunition Box,★★★★★,IOP Maximum Ammo Box,-,-,0,0,-3,0,0,0%,0%,0,0,0,0%,0%,0%,5,10001,10,1,Locked
17509411,16,Night Equipment,★★★★★,PEQ-16A,-,-,0,0,0,0,0,0%,0%,0,0,0,0%,0%,100%,0,0,0,13,Locked
17509418,44,Armor Plate,★★★★★,Type 3 Armor Plate,-,-,0,0,-2,0,0,0%,0%,0,6,0,0%,0%,0%,0,0,0,0,
17511073,20,Armor-piercing,★★★★★,Mk211 High-Explosive Armor-Piercing Ammo,-,-,0,0,0,0,0,0%,0%,180,0,0,0%,0%,0%,0,10000,10,13,Locked
17524977,76,Buckshot,★★★★★,#000 Buckshot,172425880,Defender,15,0,0,0,0,22%,0%,0,0,0,0%,0%,0%,0,10000,10,16,Locked
17570924,8,Holographic,★★★★★,EOT 518,-,-,4,7,0,0,-4,0%,0%,0,0,0,0%,0%,0%,0,0,0,0,
17803530,4,Optical,★★★★★,VFL 6-24X56,-,-,0,0,0,0,0,0%,48%,0,0,0,0%,0%,0%,0,10000,10,7,Locked
17811099,16,Night Equipment,★★★★★,PEQ-16A,-,-,0,0,0,0,0,0%,0%,0,0,0,0%,0%,100%,0,1,0,0,Locked
17811100,20,Armor-piercing,★★★★★,Mk211 High-Explosive Armor-Piercing Ammo,-,-,0,0,0,0,0,0%,0%,180,0,0,0%,0%,0%,0,10000,10,0,Locked
18221188,106,Exclusive,★★★★★,EOT XPS3,-,-,8,14,0,0,0,0%,25%,0,0,0,0%,0%,0%,0,30000,10,13,Locked
18296043,16,Night Equipment,★★★★★,PEQ-16A,-,-,0,0,0,0,0,0%,0%,0,0,0,0%,0%,97%,0,0,0,6,Locked
18297111,16,Night Equipment,★★★★★,PEQ-16A,-,-,0,0,0,0,0,0%,0%,0,0,0,0%,0%,92%,0,0,0,0,Locked
18327025,91,Exclusive,★★★★★,Special Warfare Mobile Suit,-,-,0,-20,10,0,-10,0%,0%,0,20,0,0%,0%,0%,0,30000,10,0,Locked
18367691,90,Camouflage Cape,★★★★★,Thermoptic Camouflage Cape,-,-,0,0,0,-3,0,25%,0%,0,0,0,0%,0%,0%,0,10000,10,6,Locked
18389044,105,Exclusive,★★★★★,PM 5-25X56,-,-,0,0,0,0,0,20%,48%,0,0,0,0%,0%,0%,0,30000,10,0,Locked
18439342,68,Ammunition Box,★★★★★,IOP Maximum Ammo Box,-,-,0,0,-2,0,0,0%,0%,0,0,0,0%,0%,0%,2,0,0,0,
18461221,16,Night Equipment,★★★★★,PEQ-16A,-,-,0,0,0,0,0,0%,0%,0,0,0,0%,0%,94%,0,0,0,0,Locked
18533522,169,Exclusive,★★★★★,Am RFB Quad Rail,-,-,0,0,0,0,0,18%,48%,0,0,0,0%,0%,0%,0,30000,10,16,Locked
18575203,168,Exclusive,★★★★★,Folding Stock,-,-,0,0,13,0,0,0%,12%,0,0,0,0%,0%,0%,0,1,0,0,Locked
18699794,66,Suppressor,★★★★★,AC4 Suppressor,-,-,0,0,10,0,0,0%,20%,0,0,0,0%,0%,0%,0,10000,10,10,Locked
18835416,66,Suppressor,★★★★★,AC4 Suppressor,-,-,0,0,6,0,0,0%,13%,0,0,0,0%,0%,0%,0,0,0,0,
18948211,58,X-Exo,★★★★★,IOP X4 Exoskeleton,-,-,0,0,20,0,0,0%,0%,0,0,0,0%,0%,0%,0,10000,10,6,Locked
19027926,16,Night Equipment,★★★★★,PEQ-16A,-,-,0,0,0,0,0,0%,0%,0,0,0,0%,0%,94%,0,0,0,0,Locked
19149874,16,Night Equipment,★★★★★,PEQ-16A,-,-,0,0,0,0,0,0%,0%,0,0,0,0%,0%,92%,0,0,0,0,Locked
19215827,16,Night Equipment,★★★★★,PEQ-16A,-,-,0,0,0,0,0,0%,0%,0,0,0,0%,0%,94%,0,0,0,0,Locked
19322235,12,Red Dot,★★★★★,ITI MARS,-,-,0,14,0,0,-2,0%,0%,0,0,0,0%,0%,0%,0,0,0,0,
19339513,16,Night Equipment,★★★★★,PEQ-16A,-,-,0,0,0,0,0,0%,0%,0,0,0,0%,0%,95%,0,0,0,0,Locked
19340640,90,Camouflage Cape,★★★★★,Thermoptic Camouflage Cape,-,-,0,0,0,-3,0,25%,0%,0,0,0,0%,0%,0%,0,10000,10,6,Locked
19371842,16,Night Equipment,★★★★★,PEQ-16A,-,-,0,0,0,0,0,0%,0%,0,0,0,0%,0%,93%,0,0,0,0,Locked
19371843,90,Camouflage Cape,★★★★★,Thermoptic Camouflage Cape,-,-,0,0,0,-3,0,25%,0%,0,0,0,0%,0%,0%,0,10000,10,7,Locked
19448539,4,Optical,★★★★★,VFL 6-24X56,-,-,0,0,0,0,0,0%,48%,0,0,0,0%,0%,0%,0,10000,10,6,Locked
19658506,90,Camouflage Cape,★★★★★,Thermoptic Camouflage Cape,-,-,0,0,0,-3,0,25%,0%,0,0,0,0%,0%,0%,0,10000,10,4,Locked
19661404,68,Ammunition Box,★★★★★,IOP Maximum Ammo Box,-,-,0,0,-2,0,0,0%,0%,0,0,0,0%,0%,0%,2,0,0,0,
19717444,60,Exclusive,★★★★★,.300BLK High-Velocity Ammo,-,-,25,-1,0,0,0,0%,0%,0,0,0,0%,0%,0%,0,30000,10,10,Locked
19871817,16,Night Equipment,★★★★★,PEQ-16A,-,-,0,0,0,0,0,0%,0%,0,0,0,0%,0%,95%,0,0,0,0,Locked
19883981,90,Camouflage Cape,★★★★★,Thermoptic Camouflage Cape,-,-,0,0,0,-3,0,25%,0%,0,0,0,0%,0%,0%,0,10000,10,7,Locked
19914451,40,T-Exo,★★★★★,IOP T4 Exoskeleton,-,-,-7,0,35,0,0,0%,0%,0,0,0,0%,0%,0%,0,10000,10,7,Locked
19965308,129,Exclusive,★★★★★,M2 Bipod,-,-,0,10,0,0,0,0%,48%,0,0,0,0%,0%,0%,0,30000,10,16,Locked
20209750,68,Ammunition Box,★★★★★,IOP Maximum Ammo Box,-,-,0,0,-2,0,0,0%,0%,0,0,0,0%,0%,0%,4,10000,10,0,Locked
20288619,4,Optical,★★★★★,VFL 6-24X56,-,-,0,0,0,0,0,0%,19%,0,0,0,0%,0%,0%,0,0,0,0,
20351207,66,Suppressor,★★★★★,AC4 Suppressor,-,-,0,0,6,0,0,0%,16%,0,0,0,0%,0%,0%,0,1900,5,0,Locked
20399088,4,Optical,★★★★★,VFL 6-24X56,-,-,0,0,0,0,0,0%,48%,0,0,0,0%,0%,0%,0,10000,10,5,Locked
20458093,4,Optical,★★★★★,VFL 6-24X56,-,-,0,0,0,0,0,0%,48%,0,0,0,0%,0%,0%,0,10000,10,3,Locked
20675769,44,Armor Plate,★★★★★,Type 3 Armor Plate,-,-,0,0,-3,0,0,0%,0%,0,11,0,0%,0%,0%,0,10000,10,1,Locked
20736132,130,Exclusive,★★★★★,Gr G36 Hybrid Sight,-,-,0,8,0,0,0,0%,48%,0,0,0,0%,0%,0%,0,30000,10,5,Locked
21024702,127,Exclusive,★★★★★,Hi-Performance Tactical Hair Accessory,-,-,25,10,20,0,0,0%,0%,0,0,0,0%,0%,0%,0,30000,10,0,Locked
21026323,40,T-Exo,★★★★★,IOP T4 Exoskeleton,-,-,-8,0,35,0,0,0%,0%,0,0,0,0%,0%,0%,0,10000,10,9,Locked
21132893,126,Exclusive,★★★★★,Dinergate RO,-,-,12,14,0,0,-2,0%,0%,0,0,0,0%,0%,0%,0,30000,10,16,Locked
21152156,66,Suppressor,★★★★★,AC4 Suppressor,-,-,0,0,7,0,0,0%,16%,0,0,0,0%,0%,0%,0,1950,5,2,Locked
21177220,66,Suppressor,★★★★★,AC4 Suppressor,-,-,0,0,6,0,0,0%,12%,0,0,0,0%,0%,0%,0,0,0,0,
21178468,16,Night Equipment,★★★★★,PEQ-16A,-,-,0,0,0,0,0,0%,0%,0,0,0,0%,0%,92%,0,0,0,0,Locked
21255651,40,T-Exo,★★★★★,IOP T4 Exoskeleton,-,-,-7,0,35,0,0,0%,0%,0,0,0,0%,0%,0%,0,10000,10,10,Locked
21276295,32,High-velocity,★★★★★,APCR High-Velocity Ammo,-,-,20,0,0,0,0,0%,0%,0,0,0,0%,0%,0%,0,10000,10,5,Locked
21277875,90,Camouflage Cape,★★★★★,Thermoptic Camouflage Cape,-,-,0,0,0,-3,0,25%,0%,0,0,0,0%,0%,0%,0,10000,10,6,Locked
21311711,175,Exclusive,★★★★★,BPR4 & SRM6,-,-,6,0,10,0,0,0%,48%,0,0,0,0%,0%,0%,0,30000,10,6,Locked
21332298,16,Night Equipment,★★★★★,PEQ-16A,-,-,0,0,0,0,0,0%,0%,0,0,0,0%,0%,94%,0,0,0,0,Locked
21337961,72,Hollow-point,★★★★★,ILM Hollow-Point Ammo,-,-,15,0,0,0,0,0%,0%,-8,0,0,0%,0%,0%,0,10000,10,1,Locked
21554042,68,Ammunition Box,★★★★★,IOP Maximum Ammo Box,-,-,0,0,-2,0,0,0%,0%,0,0,0,0%,0%,0%,2,0,0,0,
21614506,66,Suppressor,★★★★★,AC4 Suppressor,-,-,0,0,6,0,0,0%,13%,0,0,0,0%,0%,0%,0,0,0,0,
21641502,90,Camouflage Cape,★★★★★,Thermoptic Camouflage Cape,-,-,0,0,0,-3,0,25%,0%,0,0,0,0%,0%,0%,0,10000,10,1,Locked
21670073,16,Night Equipment,★★★★★,PEQ-16A,-,-,0,0,0,0,0,0%,0%,0,0,0,0%,0%,95%,0,0,0,0,Locked
21700036,58,X-Exo,★★★★★,IOP X4 Exoskeleton,-,-,0,0,20,0,0,0%,0%,0,0,0,0%,0%,0%,0,10000,10,5,Locked
21782555,16,Night Equipment,★★★★★,PEQ-16A,-,-,0,0,0,0,0,0%,0%,0,0,0,0%,0%,98%,0,0,0,5,Locked
22020066,117,Exclusive,★★★★★,Glorylight,-,-,0,0,0,0,0,0%,0%,0,0,0,0%,0%,100%,0,1,0,0,Locked
22045064,44,Armor Plate,★★★★★,Type 3 Armor Plate,-,-,0,0,-3,0,0,0%,0%,0,11,0,0%,0%,0%,0,10000,10,1,Locked
22095437,58,X-Exo,★★★★★,IOP X4 Exoskeleton,-,-,0,0,20,0,0,0%,0%,0,0,0,0%,0%,0%,0,10000,10,9,Locked
22119983,118,Exclusive,★★★★★,Black Cat,-,-,0,0,0,0,0,0%,0%,0,0,0,0%,0%,100%,0,1,0,0,Locked
22210684,40,T-Exo,★★★★★,IOP T4 Exoskeleton,-,-,-8,0,35,0,0,0%,0%,0,0,0,0%,0%,0%,0,10000,10,2,Locked
22211677,16,Night Equipment,★★★★★,PEQ-16A,-,-,0,0,0,0,0,0%,0%,0,0,0,0%,0%,94%,0,0,0,0,Locked
22211690,101,Exclusive,★★★★★,XM261 ACP,-,-,17,0,0,0,0,0%,0%,-7,0,0,0%,0%,0%,0,30000,10,16,Locked
22348953,66,Suppressor,★★★★★,AC4 Suppressor,-,-,0,0,6,0,0,0%,14%,0,0,0,0%,0%,0%,0,0,0,0,Locked
22367481,16,Night Equipment,★★★★★,PEQ-16A,-,-,0,0,0,0,0,0%,0%,0,0,0,0%,0%,96%,0,0,0,0,Locked
22375119,16,Night Equipment,★★★★★,PEQ-16A,-,-,0,0,0,0,0,0%,0%,0,0,0,0%,0%,93%,0,0,0,0,Locked
22385398,90,Camouflage Cape,★★★★★,Thermoptic Camouflage Cape,-,-,0,0,0,-3,0,25%,0%,0,0,0,0%,0%,0%,0,10000,10,10,Locked
22418504,58,X-Exo,★★★★★,IOP X4 Exoskeleton,-,-,0,0,20,0,0,0%,0%,0,0,0,0%,0%,0%,0,10000,10,4,Locked
22425365,44,Armor Plate,★★★★★,Type 3 Armor Plate,-,-,0,0,-3,0,0,0%,0%,0,11,0,0%,0%,0%,0,10000,10,1,Locked
22425957,40,T-Exo,★★★★★,IOP T4 Exoskeleton,-,-,-8,0,35,0,0,0%,0%,0,0,0,0%,0%,0%,0,10000,10,2,Locked
22426582,58,X-Exo,★★★★★,IOP X4 Exoskeleton,-,-,0,0,20,0,0,0%,0%,0,0,0,0%,0%,0%,0,10000,10,6,Locked
22445193,40,T-Exo,★★★★★,IOP T4 Exoskeleton,-,-,-8,0,35,0,0,0%,0%,0,0,0,0%,0%,0%,0,10000,10,4,Locked
22445246,16,Night Equipment,★★★★★,PEQ-16A,-,-,0,0,0,0,0,0%,0%,0,0,0,0%,0%,96%,0,0,0,0,Locked
22445295,16,Night Equipment,★★★★★,PEQ-16A,-,-,0,0,0,0,0,0%,0%,0,0,0,0%,0%,95%,0,0,0,0,Locked
22445451,90,Camouflage Cape,★★★★★,Thermoptic Camouflage Cape,-,-,0,0,0,-3,0,25%,0%,0,0,0,0%,0%,0%,0,10000,10,4,Locked
22523189,66,Suppressor,★★★★★,AC4 Suppressor,-,-,0,0,6,0,0,0%,13%,0,0,0,0%,0%,0%,0,0,0,0,
22524109,58,X-Exo,★★★★★,IOP X4 Exoskeleton,-,-,0,0,20,0,0,0%,0%,0,0,0,0%,0%,0%,0,10000,10,3,Locked
22534845,16,Night Equipment,★★★★★,PEQ-16A,-,-,0,0,0,0,0,0%,0%,0,0,0,0%,0%,92%,0,0,0,0,Locked
22695512,170,Exclusive,★★★★★,20mm HEI,-,-,10,0,0,0,0,0%,0%,180,0,0,0%,0%,0%,0,30000,10,26,Locked
22731456,76,Buckshot,★★★★★,#000 Buckshot,-,-,8,0,0,0,0,11%,0%,0,0,0,0%,0%,0%,0,1,0,0,
22749660,90,Camouflage Cape,★★★★★,Thermoptic Camouflage Cape,-,-,0,0,0,-3,0,25%,0%,0,0,0,0%,0%,0%,0,10000,10,4,Locked
22857304,58,X-Exo,★★★★★,IOP X4 Exoskeleton,-,-,0,0,20,0,0,0%,0%,0,0,0,0%,0%,0%,0,10000,10,6,Locked
22871624,40,T-Exo,★★★★★,IOP T4 Exoskeleton,-,-,-8,0,35,0,0,0%,0%,0,0,0,0%,0%,0%,0,10000,10,1,Locked
22884759,16,Night Equipment,★★★★★,PEQ-16A,-,-,0,0,0,0,0,0%,0%,0,0,0,0%,0%,94%,0,0,0,0,Locked
22886796,90,Camouflage Cape,★★★★★,Thermoptic Camouflage Cape,-,-,0,0,0,-3,0,25%,0%,0,0,0,0%,0%,0%,0,10000,10,4,Locked
22950757,90,Camouflage Cape,★★★★★,Thermoptic Camouflage Cape,-,-,0,0,0,-3,0,25%,0%,0,0,0,0%,0%,0%,0,10000,10,2,Locked
23034087,4,Optical,★★★★★,VFL 6-24X56,-,-,0,0,0,0,0,0%,48%,0,0,0,0%,0%,0%,0,10000,10,3,Locked
23053326,66,Suppressor,★★★★★,AC4 Suppressor,-,-,0,0,6,0,0,0%,13%,0,0,0,0%,0%,0%,0,0,0,0,
23226531,90,Camouflage Cape,★★★★★,Thermoptic Camouflage Cape,-,-,0,0,0,-3,0,25%,0%,0,0,0,0%,0%,0%,0,10000,10,1,Locked
23241419,44,Armor Plate,★★★★★,Type 3 Armor Plate,-,-,0,0,-3,0,0,0%,0%,0,11,0,0%,0%,0%,0,10000,10,1,Locked
23271465,68,Ammunition Box,★★★★★,IOP Maximum Ammo Box,-,-,0,0,-2,0,0,0%,0%,0,0,0,0%,0%,0%,4,10000,10,0,Locked
23302404,68,Ammunition Box,★★★★★,IOP Maximum Ammo Box,-,-,0,0,-2,0,0,0%,0%,0,0,0,0%,0%,0%,2,0,0,0,Locked
23303749,66,Suppressor,★★★★★,AC4 Suppressor,-,-,0,0,8,0,0,0%,16%,0,0,0,0%,0%,0%,0,6800,8,0,Locked
23593523,133,Exclusive,★★★★★,Stechkin Buttstock,44706445,Stechkin Mod,0,4,10,0,0,0%,20%,0,0,0,0%,0%,0%,0,30000,10,6,Locked
23624157,72,Hollow-point,★★★★★,ILM Hollow-Point Ammo,-,-,15,0,0,0,0,0%,0%,-8,0,0,0%,0%,0%,0,10000,10,2,Locked
23631968,66,Suppressor,★★★★★,AC4 Suppressor,-,-,0,0,6,0,0,0%,12%,0,0,0,0%,0%,0%,0,0,0,0,Locked
23668257,62,Exclusive,★★★★★,GSG UX Exoskeleton,-,-,-6,0,58,0,0,0%,0%,0,0,0,0%,0%,0%,0,30000,10,36,Locked
23706609,86,Exclusive,★★★★★,Hayha Memory Chip,-,-,30,0,5,0,0,30%,0%,0,0,0,0%,0%,0%,0,30000,10,26,Locked
23854008,44,Armor Plate,★★★★★,Type 3 Armor Plate,-,-,0,0,-2,0,0,0%,0%,0,6,0,0%,0%,0%,0,0,0,0,
23883894,66,Suppressor,★★★★★,AC4 Suppressor,-,-,0,0,6,0,0,0%,12%,0,0,0,0%,0%,0%,0,0,0,0,Locked
23902813,40,T-Exo,★★★★★,IOP T4 Exoskeleton,-,-,-8,0,35,0,0,0%,0%,0,0,0,0%,0%,0%,0,10000,10,1,Locked
23903456,68,Ammunition Box,★★★★★,IOP Maximum Ammo Box,-,-,0,0,-2,0,0,0%,0%,0,0,0,0%,0%,0%,2,0,0,0,
23904543,68,Ammunition Box,★★★★★,IOP Maximum Ammo Box,-,-,0,0,-2,0,0,0%,0%,0,0,0,0%,0%,0%,2,0,0,0,
23967644,90,Camouflage Cape,★★★★★,Thermoptic Camouflage Cape,-,-,0,0,0,-3,0,25%,0%,0,0,0,0%,0%,0%,0,10000,10,2,Locked
23977770,122,Exclusive,★★★★★,SAA Long Barrel,-,-,3,0,10,0,0,0%,20%,0,0,0,0%,0%,0%,0,30000,10,16,Locked
24009877,104,Exclusive,★★★★★,Fire Selector,-,-,0,0,0,0,2,0%,18%,0,0,0,0%,0%,0%,0,1,0,0,Locked
24057070,20,Armor-piercing,★★★★★,Mk211 High-Explosive Armor-Piercing Ammo,-,-,0,0,0,0,0,0%,0%,180,0,0,0%,0%,0%,0,10000,10,5,Locked
24089143,32,High-velocity,★★★★★,APCR High-Velocity Ammo,-,-,20,0,0,0,0,0%,0%,0,0,0,0%,0%,0%,0,10000,10,6,Locked
24121065,125,Exclusive,★★★★★,Additional Computing Module,-,-,0,0,15,0,0,0%,25%,0,0,0,0%,0%,0%,0,30000,10,6,Locked
24198519,40,T-Exo,★★★★★,IOP T4 Exoskeleton,-,-,-8,0,35,0,0,0%,0%,0,0,0,0%,0%,0%,0,10000,10,2,Locked
24260662,40,T-Exo,★★★★★,IOP T4 Exoskeleton,-,-,-8,0,35,0,0,0%,0%,0,0,0,0%,0%,0%,0,10000,10,3,Locked
24283004,68,Ammunition Box,★★★★★,IOP Maximum Ammo Box,-,-,0,0,-2,0,0,0%,0%,0,0,0,0%,0%,0%,2,0,0,0,
24306627,155,Exclusive,★★★★★,PPK Suppressor,-,-,0,0,18,0,0,0%,30%,0,0,0,0%,0%,0%,0,30000,10,6,Locked
24395404,68,Ammunition Box,★★★★★,IOP Maximum Ammo Box,-,-,0,0,-2,0,0,0%,0%,0,0,0,0%,0%,0%,2,0,0,0,
24555115,66,Suppressor,★★★★★,AC4 Suppressor,-,-,0,0,6,0,0,0%,13%,0,0,0,0%,0%,0%,0,0,0,0,
24580885,90,Camouflage Cape,★★★★★,Thermoptic Camouflage Cape,-,-,0,0,0,-3,0,12%,0%,0,0,0,0%,0%,0%,0,0,0,1,
24597364,66,Suppressor,★★★★★,AC4 Suppressor,-,-,0,0,6,0,0,0%,13%,0,0,0,0%,0%,0%,0,0,0,0,
24627698,58,X-Exo,★★★★★,IOP X4 Exoskeleton,-,-,0,0,20,0,0,0%,0%,0,0,0,0%,0%,0%,0,10000,10,4,Locked
24683505,40,T-Exo,★★★★★,IOP T4 Exoskeleton,-,-,-7,0,35,0,0,0%,0%,0,0,0,0%,0%,0%,0,10000,10,4,Locked
24713771,4,Optical,★★★★★,VFL 6-24X56,-,-,0,0,0,0,0,0%,48%,0,0,0,0%,0%,0%,0,10000,10,3,Locked
24841636,66,Suppressor,★★★★★,AC4 Suppressor,-,-,0,0,10,0,0,0%,20%,0,0,0,0%,0%,0%,0,10000,10,6,Locked
24892386,90,Camouflage Cape,★★★★★,Thermoptic Camouflage Cape,-,-,0,0,0,-3,0,12%,0%,0,0,0,0%,0%,0%,0,1,0,0,
24932315,40,T-Exo,★★★★★,IOP T4 Exoskeleton,-,-,-7,0,20,0,0,0%,0%,0,0,0,0%,0%,0%,0,0,0,0,Locked
24950775,132,Exclusive,★★★★★,Gr MG4 MGO,-,-,0,36,0,0,-1,0%,35%,0,0,0,0%,0%,0%,0,30000,10,0,Locked
25050361,40,T-Exo,★★★★★,IOP T4 Exoskeleton,-,-,-7,0,35,0,0,0%,0%,0,0,0,0%,0%,0%,0,10000,10,7,Locked
25074354,182,Exclusive,★★★★★,S&B762,-,-,20,0,0,0,-4,0%,0%,0,0,0,0%,0%,0%,0,5701,5,6,Locked
25090317,58,X-Exo,★★★★★,IOP X4 Exoskeleton,-,-,0,0,8,0,0,0%,0%,0,0,0,0%,0%,0%,0,0,0,0,Locked
25129717,72,Hollow-point,★★★★★,ILM Hollow-Point Ammo,-,-,15,0,0,0,0,0%,0%,-7,0,0,0%,0%,0%,0,10000,10,1,Locked
25131079,72,Hollow-point,★★★★★,ILM Hollow-Point Ammo,-,-,12,0,0,0,0,0%,0%,-10,0,0,0%,0%,0%,0,1300,4,1,Locked
25240788,40,T-Exo,★★★★★,IOP T4 Exoskeleton,-,-,-7,0,34,0,0,0%,0%,0,0,0,0%,0%,0%,0,10000,10,0,Locked
25265470,8,Holographic,★★★★★,EOT 518,-,-,5,7,0,0,-5,0%,0%,0,0,0,0%,0%,0%,0,0,0,0,Locked
25275920,135,Exclusive,★★★★★,SP6 Subsonic Ammo,-,-,24,0,0,0,0,0%,0%,0,0,0,0%,0%,0%,0,30000,10,5,Locked
25292505,32,High-velocity,★★★★★,APCR High-Velocity Ammo,-,-,20,0,0,0,0,0%,0%,0,0,0,0%,0%,0%,0,10000,10,6,Locked
25307469,113,Exclusive,★★★★★,M1895 Suppressor,44213768,M1895 Mod,0,4,14,0,0,0%,20%,0,0,0,0%,0%,0%,0,30000,10,13,Locked
25378279,134,Exclusive,★★★★★,MPL M21,-,-,10,36,0,0,-1,0%,0%,0,0,0,0%,0%,0%,0,30000,10,6,Locked
25399332,66,Suppressor,★★★★★,AC4 Suppressor,-,-,0,0,6,0,0,0%,15%,0,0,0,0%,0%,0%,0,1900,5,0,Locked
25427581,20,Armor-piercing,★★★★★,Mk211 High-Explosive Armor-Piercing Ammo,-,-,0,0,0,0,0,0%,0%,180,0,0,0%,0%,0%,0,10000,10,1,Locked
25454896,72,Hollow-point,★★★★★,ILM Hollow-Point Ammo,-,-,15,0,0,0,0,0%,0%,-8,0,0,0%,0%,0%,0,10000,10,4,Locked
25549773,58,X-Exo,★★★★★,IOP X4 Exoskeleton,-,-,0,0,8,0,0,0%,0%,0,0,0,0%,0%,0%,0,0,0,0,Locked
25583349,76,Buckshot,★★★★★,#000 Buckshot,-,-,7,0,0,0,0,12%,0%,0,0,0,0%,0%,0%,0,1,0,0,
25584749,44,Armor Plate,★★★★★,Type 3 Armor Plate,-,-,0,0,-2,0,0,0%,0%,0,7,0,0%,0%,0%,0,0,0,0,Locked
25944349,72,Hollow-point,★★★★★,ILM Hollow-Point Ammo,-,-,15,0,0,0,0,0%,0%,-10,0,0,0%,0%,0%,0,10000,10,5,Locked
26085450,72,Hollow-point,★★★★★,ILM Hollow-Point Ammo,-,-,15,0,0,0,0,0%,0%,-10,0,0,0%,0%,0%,0,10000,10,2,Locked
26178429,4,Optical,★★★★★,VFL 6-24X56,-,-,0,0,0,0,0,0%,48%,0,0,0,0%,0%,0%,0,10000,10,6,Locked
26181617,90,Camouflage Cape,★★★★★,Thermoptic Camouflage Cape,-,-,0,0,0,-3,0,12%,0%,0,0,0,0%,0%,0%,0,0,0,0,Locked
26188060,66,Suppressor,★★★★★,AC4 Suppressor,-,-,0,0,7,0,0,0%,15%,0,0,0,0%,0%,0%,0,1900,5,0,Locked
26188898,16,Night Equipment,★★★★★,PEQ-16A,-,-,0,0,0,0,0,0%,0%,0,0,0,0%,0%,93%,0,0,0,0,Locked
26189986,16,Night Equipment,★★★★★,PEQ-16A,-,-,0,0,0,0,0,0%,0%,0,0,0,0%,0%,93%,0,0,0,0,Locked
26191028,40,T-Exo,★★★★★,IOP T4 Exoskeleton,-,-,-8,0,35,0,0,0%,0%,0,0,0,0%,0%,0%,0,10000,10,4,Locked
26191331,16,Night Equipment,★★★★★,PEQ-16A,-,-,0,0,0,0,0,0%,0%,0,0,0,0%,0%,91%,0,0,0,0,Locked
26192317,44,Armor Plate,★★★★★,Type 3 Armor Plate,-,-,0,0,-2,0,0,0%,0%,0,10,0,0%,0%,0%,0,10000,10,0,Locked
26213565,66,Suppressor,★★★★★,AC4 Suppressor,-,-,0,0,8,0,0,0%,15%,0,0,0,0%,0%,0%,0,5125,7,0,Locked
26213603,16,Night Equipment,★★★★★,PEQ-16A,-,-,0,0,0,0,0,0%,0%,0,0,0,0%,0%,94%,0,0,0,0,Locked
26213629,58,X-Exo,★★★★★,IOP X4 Exoskeleton,-,-,0,0,20,0,0,0%,0%,0,0,0,0%,0%,0%,0,10000,10,3,Locked
26282045,165,Exclusive,★★★★★,Tactical Earphones,-,-,11,0,17,0,8,0%,0%,0,0,0,0%,0%,0%,0,11525,6,6,Locked
26310532,80,Slug,★★★★★,SABOT Slug,-,-,0,11,0,0,0,0%,0%,0,0,0,0%,0%,0%,0,1,0,0,
26336277,16,Night Equipment,★★★★★,PEQ-16A,-,-,0,0,0,0,0,0%,0%,0,0,0,0%,0%,92%,0,1,0,0,Locked
26376524,107,Exclusive,★★★★★,Infinite Ammo Box,-,-,-25,-10,-2,0,0,0%,0%,0,0,0,0%,0%,0%,30,30000,10,0,Locked
26413738,119,Exclusive,★★★★★,FÉLIN System Sight,-,-,3,1,0,0,0,0%,20%,0,0,0,0%,0%,0%,0,0,0,0,Locked
26433648,61,Exclusive,★★★★★,Titan Fire-Control Chip,-,-,-2,0,0,0,-8,0%,0%,0,0,0,0%,0%,0%,4,0,0,5,Locked
26437602,59,Exclusive,★★★★★,National Match-Grade Armor-Piercing Ammo,-,-,0,0,0,0,10,0%,0%,195,0,0,0%,0%,0%,0,30000,10,32,Locked
26449865,32,High-velocity,★★★★★,APCR High-Velocity Ammo,-,-,8,0,0,0,0,0%,0%,0,0,0,0%,0%,0%,0,0,0,0,Locked
26495674,32,High-velocity,★★★★★,APCR High-Velocity Ammo,-,-,20,0,0,0,0,0%,0%,0,0,0,0%,0%,0%,0,10000,10,5,Locked
26496597,72,Hollow-point,★★★★★,ILM Hollow-Point Ammo,-,-,15,0,0,0,0,0%,0%,-7,0,0,0%,0%,0%,0,10000,10,1,Locked
26539604,72,Hollow-point,★★★★★,ILM Hollow-Point Ammo,-,-,15,0,0,0,0,0%,0%,-7,0,0,0%,0%,0%,0,10000,10,5,Locked
26657580,80,Slug,★★★★★,SABOT Slug,-,-,0,10,0,0,0,0%,0%,0,0,0,0%,0%,0%,0,0,0,0,
26691136,183,Exclusive,★★★★★,Duelling Cards,-,-,0,0,0,-3,0,45%,0%,0,0,0,0%,0%,0%,0,30000,10,10,Locked
26720948,184,Exclusive,★★★★★,Fairy Tale Picture Books,-,-,15,0,20,0,0,0%,0%,0,0,0,0%,0%,0%,0,30000,10,6,Locked
26728302,20,Armor-piercing,★★★★★,Mk211 High-Explosive Armor-Piercing Ammo,-,-,0,0,0,0,0,0%,0%,114,0,0,0%,0%,0%,0,0,0,0,Locked
26731683,179,Exclusive,★★★★★,WML & Tactical Handguard,-,-,0,0,20,0,0,0%,20%,0,0,0,0%,0%,0%,0,30000,10,9,Locked
26739460,186,Exclusive,★★★★★,Bayonet,-,-,10,0,0,0,0,10%,14%,0,0,0,0%,0%,0%,0,1,0,2,Locked
26748586,187,Exclusive,★★★★★,Antique Kaleidoscope,-,-,0,5,10,0,0,0%,25%,0,0,0,0%,0%,0%,0,30000,10,6,Locked
26803056,80,Slug,★★★★★,SABOT Slug,-,-,0,10,0,0,0,0%,0%,0,0,0,0%,0%,0%,0,0,0,0,
26814169,185,Exclusive,★★★★★,Spectacles,-,-,4,3,0,0,0,0%,23%,0,0,0,0%,0%,0%,0,1,0,2,Locked
26814170,188,Exclusive,★★★★★,Meteorite,-,-,5,3,0,0,0,0%,25%,0,0,0,0%,0%,0%,0,1,0,11,Locked
26814171,189,Exclusive,★★★★★,Wristwatch,-,-,4,2,0,0,0,0%,22%,0,0,0,0%,0%,0%,0,1,0,3,Locked
26851125,16,Night Equipment,★★★★★,PEQ-16A,-,-,0,0,0,0,0,0%,0%,0,0,0,0%,0%,94%,0,1,0,0,Locked
26935513,20,Armor-piercing,★★★★★,Mk211 High-Explosive Armor-Piercing Ammo,-,-,0,0,0,0,0,0%,0%,111,0,0,0%,0%,0%,0,0,0,0,Locked
27062455,66,Suppressor,★★★★★,AC4 Suppressor,-,-,0,0,6,0,0,0%,12%,0,0,0,0%,0%,0%,0,0,0,0,
27114064,44,Armor Plate,★★★★★,Type 3 Armor Plate,-,-,0,0,-2,0,0,0%,0%,0,7,0,0%,0%,0%,0,0,0,0,Locked
27149507,95,Hollow-point,★★★★★,16Lab Hollow-Point,-,-,15,0,0,0,0,0%,0%,-7,0,0,0%,0%,0%,0,10000,10,0,Locked
27181451,40,T-Exo,★★★★★,IOP T4 Exoskeleton,-,-,-7,0,22,0,0,0%,0%,0,0,0,0%,0%,0%,0,0,0,0,Locked
27191312,110,High-velocity,★★★★★,16Lab High-Velocity Ammo,-,-,20,0,0,0,0,0%,0%,0,0,0,0%,0%,0%,0,10000,10,0,Locked
27239885,90,Camouflage Cape,★★★★★,Thermoptic Camouflage Cape,-,-,0,0,0,-3,0,12%,0%,0,0,0,0%,0%,0%,0,1,0,0,
27282650,76,Buckshot,★★★★★,#000 Buckshot,-,-,7,0,0,0,0,10%,0%,0,0,0,0%,0%,0%,0,0,0,0,
27382190,158,Exclusive,★★★★★,Acceleration Coil,-,-,5,0,0,0,0,0%,50%,0,0,0,0%,0%,0%,0,30000,10,16,Locked
27382197,157,Exclusive,★★★★★,LED Weapon Light,-,-,10,15,15,0,0,0%,0%,0,0,0,0%,0%,0%,0,30000,10,6,Locked
27404475,76,Buckshot,★★★★★,#000 Buckshot,-,-,8,0,0,0,0,11%,0%,0,0,0,0%,0%,0%,0,0,0,0,
27492560,16,Night Equipment,★★★★★,PEQ-16A,-,-,0,0,0,0,0,0%,0%,0,0,0,0%,0%,95%,0,0,0,0,Locked
27546380,72,Hollow-point,★★★★★,ILM Hollow-Point Ammo,-,-,15,0,0,0,0,0%,0%,-10,0,0,0%,0%,0%,0,10000,10,1,Locked
27563713,58,X-Exo,★★★★★,IOP X4 Exoskeleton,-,-,0,0,8,0,0,0%,0%,0,0,0,0%,0%,0%,0,0,0,0,Locked
27614220,159,Exclusive,★★★★★,Tactical Headwear,-,-,25,0,20,0,0,10%,0%,0,0,0,0%,0%,0%,0,30000,10,6,Locked
27642891,44,Armor Plate,★★★★★,Type 3 Armor Plate,-,-,0,0,-2,0,0,0%,0%,0,7,0,0%,0%,0%,0,0,0,0,
27674836,4,Optical,★★★★★,VFL 6-24X56,-,-,0,0,0,0,0,0%,22%,0,0,0,0%,0%,0%,0,1,0,1,Locked
27686057,72,Hollow-point,★★★★★,ILM Hollow-Point Ammo,-,-,15,0,0,0,0,0%,0%,-7,0,0,0%,0%,0%,0,10000,10,2,Locked
27808014,44,Armor Plate,★★★★★,Type 3 Armor Plate,-,-,0,0,-2,0,0,0%,0%,0,6,0,0%,0%,0%,0,0,0,0,Locked
27808342,66,Suppressor,★★★★★,AC4 Suppressor,-,-,0,0,6,0,0,0%,13%,0,0,0,0%,0%,0%,0,0,0,0,
27815515,4,Optical,★★★★★,VFL 6-24X56,-,-,0,0,0,0,0,0%,48%,0,0,0,0%,0%,0%,0,10000,10,2,Locked
27816200,66,Suppressor,★★★★★,AC4 Suppressor,-,-,0,0,6,0,0,0%,12%,0,0,0,0%,0%,0%,0,0,0,0,
27816774,114,Exclusive,★★★★★,MP446C Match Barrel,-,-,0,5,8,0,0,0%,17%,0,0,0,0%,0%,0%,0,4426,4,6,Locked
27864450,72,Hollow-point,★★★★★,ILM Hollow-Point Ammo,-,-,7,0,0,0,0,0%,0%,-8,0,0,0%,0%,0%,0,0,0,0,Locked
27886384,8,Holographic,★★★★★,EOT 518,-,-,4,8,0,0,-5,0%,0%,0,0,0,0%,0%,0%,0,0,0,0,Locked
27956254,76,Buckshot,★★★★★,#000 Buckshot,-,-,7,0,0,0,0,13%,0%,0,0,0,0%,0%,0%,0,1,0,0,
27972752,160,Exclusive,★★★★★,No32 MKI,-,-,0,0,0,0,4,0%,48%,0,0,0,0%,0%,0%,0,30000,10,0,Locked
27988513,32,High-velocity,★★★★★,APCR High-Velocity Ammo,-,-,20,0,0,0,0,0%,0%,0,0,0,0%,0%,0%,0,10000,10,3,Locked
28006940,72,Hollow-point,★★★★★,ILM Hollow-Point Ammo,-,-,7,0,0,0,0,0%,0%,-7,0,0,0%,0%,0%,0,0,0,0,Locked
28039750,40,T-Exo,★★★★★,IOP T4 Exoskeleton,-,-,-7,0,21,0,0,0%,0%,0,0,0,0%,0%,0%,0,1,0,0,
28079954,72,Hollow-point,★★★★★,ILM Hollow-Point Ammo,-,-,8,0,0,0,0,0%,0%,-8,0,0,0%,0%,0%,0,1,0,0,Locked
28120937,169,Exclusive,★★★★★,Am RFB Quad Rail,-,-,0,0,0,0,0,8%,19%,0,0,0,0%,0%,0%,0,1,0,0,Locked
28120939,168,Exclusive,★★★★★,Folding Stock,-,-,0,0,12,0,0,0%,13%,0,0,0,0%,0%,0%,0,1,0,0,Locked
28155270,16,Night Equipment,★★★★★,PEQ-16A,-,-,0,0,0,0,0,0%,0%,0,0,0,0%,0%,92%,0,0,0,0,Locked
28155272,16,Night Equipment,★★★★★,PEQ-16A,-,-,0,0,0,0,0,0%,0%,0,0,0,0%,0%,93%,0,0,0,0,Locked
28156478,20,Armor-piercing,★★★★★,Mk211 High-Explosive Armor-Piercing Ammo,-,-,0,0,0,0,0,0%,0%,180,0,0,0%,0%,0%,0,10000,10,14,Locked
28157356,66,Suppressor,★★★★★,AC4 Suppressor,-,-,0,0,6,0,0,0%,12%,0,0,0,0%,0%,0%,0,0,0,0,
28158471,58,X-Exo,★★★★★,IOP X4 Exoskeleton,-,-,0,0,9,0,0,0%,0%,0,0,0,0%,0%,0%,0,0,0,0,
28169875,76,Buckshot,★★★★★,#000 Buckshot,-,-,8,0,0,0,0,11%,0%,0,0,0,0%,0%,0%,0,0,0,0,
28187786,12,Red Dot,★★★★★,ITI MARS,-,-,0,30,0,0,-1,0%,0%,0,0,0,0%,0%,0%,0,10000,10,6,Locked
28302294,115,Exclusive,★★★★★,Digital Camouflage,-,-,6,0,0,-3,0,25%,0%,0,0,0,0%,0%,0%,0,30000,10,16,Locked
28317607,66,Suppressor,★★★★★,AC4 Suppressor,-,-,0,0,7,0,0,0%,12%,0,0,0,0%,0%,0%,0,0,0,0,
28325664,178,Exclusive,★★★★★,12.7mm 1SL,-,-,10,0,0,0,0,0%,0%,180,0,0,0%,0%,0%,0,30000,10,6,Locked
28446199,40,T-Exo,★★★★★,IOP T4 Exoskeleton,-,-,-7,0,21,0,0,0%,0%,0,0,0,0%,0%,0%,0,0,0,0,
28496723,90,Camouflage Cape,★★★★★,Thermoptic Camouflage Cape,-,-,0,0,0,-3,0,12%,0%,0,0,0,0%,0%,0%,0,1,0,0,Locked
28526685,131,Exclusive,★★★★★,MGO 6X48,-,-,2,34,0,0,0,0%,30%,0,0,0,0%,0%,0%,0,30000,10,3,Locked
28533540,111,Exclusive,★★★★★,K6-24X56,-,-,0,6,0,0,0,0%,50%,0,0,0,0%,0%,0%,0,30000,10,7,Locked
28632398,204,Exclusive,★★★★★,416's Go-Bag,-,-,0,0,20,0,0,0%,0%,0,0,0,0%,0%,0%,0,10000,10,0,Locked
28649639,199,Exclusive,★★★★★,Osprey 45 Silencer,-,-,0,0,10,0,0,0%,20%,0,0,0,0%,0%,0%,0,10000,10,0,Locked
28651486,202,Exclusive,★★★★★,ACOG (4X),-,-,0,0,0,0,0,0%,48%,0,0,0,0%,0%,0%,0,10000,10,0,Locked
28662838,80,Slug,★★★★★,SABOT Slug,-,-,0,9,0,0,0,0%,0%,0,0,0,0%,0%,0%,0,1,0,0,
28708936,201,Exclusive,★★★★★,Go-Bag "V",-,-,-6,0,35,0,0,0%,0%,0,0,0,0%,0%,0%,0,10000,10,0,Locked
28724160,200,Exclusive,★★★★★,.45 Hollow Point Ammo (Incendiary),-,-,15,0,0,0,0,0%,0%,-7,0,0,0%,0%,0%,0,10000,10,0,Locked
28724163,203,Exclusive,★★★★★,556 High-Velocity Ammo (Explosive),-,-,20,0,0,0,0,0%,0%,0,0,0,0%,0%,0%,0,10000,10,0,Locked
28725079,20,Armor-piercing,★★★★★,Mk211 High-Explosive Armor-Piercing Ammo,-,-,0,0,0,0,0,0%,0%,110,0,0,0%,0%,0%,0,0,0,0,Locked
28769871,66,Suppressor,★★★★★,AC4 Suppressor,-,-,0,0,6,0,0,0%,13%,0,0,0,0%,0%,0%,0,0,0,0,
28896075,16,Night Equipment,★★★★★,PEQ-16A,-,-,0,0,0,0,0,0%,0%,0,0,0,0%,0%,95%,0,0,0,0,Locked
28904145,72,Hollow-point,★★★★★,ILM Hollow-Point Ammo,-,-,8,0,0,0,0,0%,0%,-8,0,0,0%,0%,0%,0,0,0,0,Locked
28966467,72,Hollow-point,★★★★★,ILM Hollow-Point Ammo,-,-,8,0,0,0,0,0%,0%,-9,0,0,0%,0%,0%,0,0,0,0,Locked
28974539,72,Hollow-point,★★★★★,ILM Hollow-Point Ammo,-,-,7,0,0,0,0,0%,0%,-9,0,0,0%,0%,0%,0,0,0,0,Locked
29028577,40,T-Exo,★★★★★,IOP T4 Exoskeleton,-,-,-7,0,20,0,0,0%,0%,0,0,0,0%,0%,0%,0,0,0,0,
29051450,90,Camouflage Cape,★★★★★,Thermoptic Camouflage Cape,-,-,0,0,0,-3,0,12%,0%,0,0,0,0%,0%,0%,0,0,0,0,Locked
29082363,20,Armor-piercing,★★★★★,Mk211 High-Explosive Armor-Piercing Ammo,-,-,0,0,0,0,0,0%,0%,180,0,0,0%,0%,0%,0,10000,10,8,Locked
29172666,43,Armor Plate,★★★★,Type 2 Armor Plate,-,-,0,0,-1,0,0,0%,0%,0,6,0,0%,0%,0%,0,5000,10,0,Locked
29180088,32,High-velocity,★★★★★,APCR High-Velocity Ammo,-,-,8,0,0,0,0,0%,0%,0,0,0,0%,0%,0%,0,0,0,0,Locked
29200483,8,Holographic,★★★★★,EOT 518,-,-,4,8,0,0,-4,0%,0%,0,0,0,0%,0%,0%,0,0,0,0,Locked
29231319,58,X-Exo,★★★★★,IOP X4 Exoskeleton,-,-,0,0,9,0,0,0%,0%,0,0,0,0%,0%,0%,0,0,0,0,
29275677,58,X-Exo,★★★★★,IOP X4 Exoskeleton,-,-,0,0,10,0,0,0%,0%,0,0,0,0%,0%,0%,0,0,0,0,
29316808,40,T-Exo,★★★★★,IOP T4 Exoskeleton,-,-,-7,0,23,0,0,0%,0%,0,0,0,0%,0%,0%,0,0,0,0,
29325396,58,X-Exo,★★★★★,IOP X4 Exoskeleton,-,-,0,0,8,0,0,0%,0%,0,0,0,0%,0%,0%,0,0,0,0,
29339122,8,Holographic,★★★★★,EOT 518,-,-,5,7,0,0,-5,0%,0%,0,0,0,0%,0%,0%,0,0,0,0,
29448534,4,Optical,★★★★★,VFL 6-24X56,-,-,0,0,0,0,0,0%,48%,0,0,0,0%,0%,0%,0,10000,10,4,Locked
29450351,8,Holographic,★★★★★,EOT 518,-,-,5,8,0,0,-5,0%,0%,0,0,0,0%,0%,0%,0,0,0,0,
29612077,171,Exclusive,★★★★★,Tactical Thunderbolt Ahoge,44706445,Stechkin Mod,0,0,20,0,0,0%,20%,0,0,0,0%,0%,0%,0,30000,10,16,Locked
29686309,8,Holographic,★★★★★,EOT 518,-,-,8,14,0,0,-4,0%,0%,0,0,0,0%,0%,0%,0,10000,10,6,Locked
29687135,12,Red Dot,★★★★★,ITI MARS,-,-,0,13,0,0,-2,0%,0%,0,0,0,0%,0%,0%,0,0,0,0,
29706872,12,Red Dot,★★★★★,ITI MARS,-,-,0,12,0,0,-2,0%,0%,0,0,0,0%,0%,0%,0,0,0,0,Locked
29739464,76,Buckshot,★★★★★,#000 Buckshot,-,-,7,0,0,0,0,10%,0%,0,0,0,0%,0%,0%,0,0,0,0,
29781073,175,Exclusive,★★★★★,BPR4 & SRM6,-,-,2,0,6,0,0,0%,19%,0,0,0,0%,0%,0%,0,1,0,0,Locked
29947271,16,Night Equipment,★★★★★,PEQ-16A,-,-,0,0,0,0,0,0%,0%,0,0,0,0%,0%,93%,0,0,0,0,
29955390,8,Holographic,★★★★★,EOT 518,-,-,4,8,0,0,-4,0%,0%,0,0,0,0%,0%,0%,0,0,0,0,
30023970,62,Exclusive,★★★★★,GSG UX Exoskeleton,-,-,-9,0,58,0,0,0%,0%,0,0,0,0%,0%,0%,0,30000,10,15,Locked
30178186,58,X-Exo,★★★★★,IOP X4 Exoskeleton,-,-,0,0,8,0,0,0%,0%,0,0,0,0%,0%,0%,0,1,0,0,
30234059,43,Armor Plate,★★★★,Type 2 Armor Plate,-,-,0,0,-1,0,0,0%,0%,0,6,0,0%,0%,0%,0,5000,10,0,Locked
30242079,16,Night Equipment,★★★★★,PEQ-16A,-,-,0,0,0,0,0,0%,0%,0,0,0,0%,0%,93%,0,0,0,0,
30338599,68,Ammunition Box,★★★★★,IOP Maximum Ammo Box,-,-,0,0,-2,0,0,0%,0%,0,0,0,0%,0%,0%,2,1,0,0,
30338697,16,Night Equipment,★★★★★,PEQ-16A,-,-,0,0,0,0,0,0%,0%,0,0,0,0%,0%,92%,0,0,0,0,
30403752,12,Red Dot,★★★★★,ITI MARS,-,-,0,14,0,0,-3,0%,0%,0,0,0,0%,0%,0%,0,0,0,0,
30407467,90,Camouflage Cape,★★★★★,Thermoptic Camouflage Cape,-,-,0,0,0,-3,0,12%,0%,0,0,0,0%,0%,0%,0,0,0,0,Locked
30408114,4,Optical,★★★★★,VFL 6-24X56,-,-,0,0,0,0,0,0%,48%,0,0,0,0%,0%,0%,0,10000,10,10,Locked
30409613,16,Night Equipment,★★★★★,PEQ-16A,-,-,0,0,0,0,0,0%,0%,0,0,0,0%,0%,93%,0,0,0,0,
30516391,8,Holographic,★★★★★,EOT 518,-,-,5,8,0,0,-5,0%,0%,0,0,0,0%,0%,0%,0,0,0,0,
30609596,8,Holographic,★★★★★,EOT 518,-,-,5,7,0,0,-5,0%,0%,0,0,0,0%,0%,0%,0,0,0,0,
30707798,174,Exclusive,★★★★★,FRAG-12 High Explosive Rounds,-,-,15,20,0,0,0,0%,0%,0,0,0,0%,0%,0%,0,30000,10,0,Locked
30791196,90,Camouflage Cape,★★★★★,Thermoptic Camouflage Cape,-,-,0,0,0,-3,0,12%,0%,0,0,0,0%,0%,0%,0,1,0,0,Locked
30792038,12,Red Dot,★★★★★,ITI MARS,-,-,0,12,0,0,-3,0%,0%,0,0,0,0%,0%,0%,0,0,0,0,
30884938,12,Red Dot,★★★★★,ITI MARS,-,-,0,12,0,0,-2,0%,0%,0,0,0,0%,0%,0%,0,0,0,0,
30900761,112,Exclusive,★★★★★,CT 4X20,-,-,0,30,0,0,-1,0%,30%,0,0,0,0%,0%,0%,0,30000,10,6,Locked
30916532,12,Red Dot,★★★★★,ITI MARS,-,-,0,14,0,0,-2,0%,0%,0,0,0,0%,0%,0%,0,0,0,0,
30959985,4,Optical,★★★★★,VFL 6-24X56,-,-,0,0,0,0,0,0%,21%,0,0,0,0%,0%,0%,0,0,0,0,Locked
31068837,4,Optical,★★★★★,VFL 6-24X56,-,-,0,0,0,0,0,0%,48%,0,0,0,0%,0%,0%,0,10000,10,3,Locked
31286577,12,Red Dot,★★★★★,ITI MARS,-,-,0,12,0,0,-2,0%,0%,0,0,0,0%,0%,0%,0,0,0,0,
31323066,124,Exclusive,★★★★★,Gr G3 Barrel Kit,-,-,3,0,0,0,0,0%,21%,0,0,0,0%,0%,0%,0,1,0,0,Locked
31346849,66,Suppressor,★★★★★,AC4 Suppressor,-,-,0,0,7,0,0,0%,12%,0,0,0,0%,0%,0%,0,0,0,0,
31353179,16,Night Equipment,★★★★★,PEQ-16A,-,-,0,0,0,0,0,0%,0%,0,0,0,0%,0%,93%,0,1,0,0,Locked
31389468,4,Optical,★★★★★,VFL 6-24X56,-,-,0,0,0,0,0,0%,20%,0,0,0,0%,0%,0%,0,0,0,0,Locked
31389469,12,Red Dot,★★★★★,ITI MARS,-,-,0,13,0,0,-3,0%,0%,0,0,0,0%,0%,0%,0,0,0,0,
31399131,16,Night Equipment,★★★★★,PEQ-16A,-,-,0,0,0,0,0,0%,0%,0,0,0,0%,0%,95%,0,0,0,0,Locked
31428461,12,Red Dot,★★★★★,ITI MARS,-,-,0,11,0,0,-2,0%,0%,0,0,0,0%,0%,0%,0,0,0,0,
31463097,156,Exclusive,★★★★★,AMP COMPSP,-,-,10,15,15,0,0,0%,0%,0,0,0,0%,0%,0%,0,30000,10,6,Locked
31500090,8,Holographic,★★★★★,EOT 518,-,-,4,8,0,0,-5,0%,0%,0,0,0,0%,0%,0%,0,0,0,0,
31542521,72,Hollow-point,★★★★★,ILM Hollow-Point Ammo,-,-,7,0,0,0,0,0%,0%,-9,0,0,0%,0%,0%,0,1,0,0,Locked
31584111,72,Hollow-point,★★★★★,ILM Hollow-Point Ammo,-,-,7,0,0,0,0,0%,0%,-8,0,0,0%,0%,0%,0,1,0,0,Locked
31591377,182,Exclusive,★★★★★,S&B762,-,-,13,0,0,0,-4,0%,0%,0,0,0,0%,0%,0%,0,1,0,0,Locked
31618620,177,Exclusive,★★★★★,MGP Upgrade Kit,-,-,0,15,0,0,-1,12%,0%,0,0,0,0%,0%,0%,0,1,0,4,Locked
31618628,176,Exclusive,★★★★★,7N31,-,-,15,0,0,0,3,0%,0%,35,0,0,0%,0%,0%,0,30000,10,16,Locked
31742532,117,Exclusive,★★★★★,Glorylight,-,-,0,0,0,0,0,0%,0%,0,0,0,0%,0%,100%,0,1,0,0,Locked
31901909,118,Exclusive,★★★★★,Black Cat,-,-,0,0,0,0,0,0%,0%,0,0,0,0%,0%,100%,0,1,0,0,Locked
32264892,16,Night Equipment,★★★★★,PEQ-16A,-,-,0,0,0,0,0,0%,0%,0,0,0,0%,0%,96%,0,0,0,0,
32326250,20,Armor-piercing,★★★★★,Mk211 High-Explosive Armor-Piercing Ammo,-,-,0,0,0,0,0,0%,0%,116,0,0,0%,0%,0%,0,1,0,0,
32329914,12,Red Dot,★★★★★,ITI MARS,-,-,0,12,0,0,-2,0%,0%,0,0,0,0%,0%,0%,0,0,0,0,
32450948,4,Optical,★★★★★,VFL 6-24X56,-,-,0,0,0,0,0,0%,22%,0,0,0,0%,0%,0%,0,0,0,0,Locked
32552341,95,Hollow-point,★★★★★,16Lab Hollow-Point,-,-,15,0,0,0,0,0%,0%,-7,0,0,0%,0%,0%,0,10000,10,0,Locked
32552342,110,High-velocity,★★★★★,16Lab High-Velocity Ammo,-,-,20,0,0,0,0,0%,0%,0,0,0,0%,0%,0%,0,10000,10,0,Locked
32682170,4,Optical,★★★★★,VFL 6-24X56,-,-,0,0,0,0,0,0%,20%,0,0,0,0%,0%,0%,0,0,0,0,
32778527,198,Exclusive,★★★★★,Wooden Grips,-,-,0,0,7,0,0,0%,18%,0,0,0,0%,0%,0%,0,1,0,0,Locked
32797529,12,Red Dot,★★★★★,ITI MARS,-,-,0,13,0,0,-2,0%,0%,0,0,0,0%,0%,0%,0,0,0,0,
32824735,221,Exclusive,★★★★★,Magnetic Accelerated Rounds,-,-,5,0,0,0,0,0%,0%,180,0,0,0%,0%,0%,0,30000,10,6,Locked
32824746,181,Exclusive,★★★★★,RIP380ACP,-,-,10,0,0,0,-4,0%,0%,-10,0,0,0%,0%,0%,0,1,0,1,Locked
32824753,180,Exclusive,★★★★★,Tactical Grip,-,-,0,0,22,0,0,0%,20%,0,0,0,0%,0%,0%,0,30000,10,6,Locked
32866399,220,Exclusive,★★★★★,Special Steel Buttstock,-,-,0,32,0,0,0,10%,30%,0,0,0,0%,0%,0%,0,30000,10,10,Locked
32866405,221,Exclusive,★★★★★,Magnetic Accelerated Rounds,-,-,5,0,0,0,0,0%,0%,180,0,0,0%,0%,0%,0,30000,10,6,Locked
32873589,12,Red Dot,★★★★★,ITI MARS,-,-,0,12,0,0,-1,0%,0%,0,0,0,0%,0%,0%,0,0,0,0,
32882522,16,Night Equipment,★★★★★,PEQ-16A,-,-,0,0,0,0,0,0%,0%,0,0,0,0%,0%,93%,0,0,0,0,Locked
32887739,44,Armor Plate,★★★★★,Type 3 Armor Plate,-,-,0,0,-2,0,0,0%,0%,0,6,0,0%,0%,0%,0,0,0,0,
32887742,8,Holographic,★★★★★,EOT 518,-,-,4,8,0,0,-5,0%,0%,0,0,0,0%,0%,0%,0,0,0,0,
32887762,58,X-Exo,★★★★★,IOP X4 Exoskeleton,-,-,0,0,11,0,0,0%,0%,0,0,0,0%,0%,0%,0,0,0,0,
32887764,4,Optical,★★★★★,VFL 6-24X56,-,-,0,0,0,0,0,0%,20%,0,0,0,0%,0%,0%,0,0,0,0,
32887790,12,Red Dot,★★★★★,ITI MARS,-,-,0,13,0,0,-2,0%,0%,0,0,0,0%,0%,0%,0,0,0,0,
32887794,44,Armor Plate,★★★★★,Type 3 Armor Plate,-,-,0,0,-2,0,0,0%,0%,0,6,0,0%,0%,0%,0,0,0,0,
32887806,66,Suppressor,★★★★★,AC4 Suppressor,-,-,0,0,6,0,0,0%,12%,0,0,0,0%,0%,0%,0,0,0,0,
32894900,12,Red Dot,★★★★★,ITI MARS,-,-,0,13,0,0,-3,0%,0%,0,0,0,0%,0%,0%,0,0,0,0,
32920500,58,X-Exo,★★★★★,IOP X4 Exoskeleton,-,-,0,0,9,0,0,0%,0%,0,0,0,0%,0%,0%,0,0,0,0,
32927877,20,Armor-piercing,★★★★★,Mk211 High-Explosive Armor-Piercing Ammo,-,-,0,0,0,0,0,0%,0%,114,0,0,0%,0%,0%,0,1,0,0,
33008504,8,Holographic,★★★★★,EOT 518,-,-,4,9,0,0,-5,0%,0%,0,0,0,0%,0%,0%,0,0,0,0,
33026573,32,High-velocity,★★★★★,APCR High-Velocity Ammo,-,-,8,0,0,0,0,0%,0%,0,0,0,0%,0%,0%,0,1,0,0,Locked
33049063,4,Optical,★★★★★,VFL 6-24X56,-,-,0,0,0,0,0,0%,20%,0,0,0,0%,0%,0%,0,0,0,0,
33095730,90,Camouflage Cape,★★★★★,Thermoptic Camouflage Cape,-,-,0,0,0,-3,0,11%,0%,0,0,0,0%,0%,0%,0,1,0,0,
33129393,254,Exclusive,★★★★★,Donut of Sweet Dreams,-,-,0,0,0,-3,0,45%,0%,0,0,0,0%,0%,0%,0,30000,10,6,Locked
33129589,4,Optical,★★★★★,VFL 6-24X56,-,-,0,0,0,0,0,0%,19%,0,0,0,0%,0%,0%,0,0,0,0,
33137221,255,Exclusive,★★★★★,Paper Bag Helmet,-,-,18,0,0,0,25,-50%,0%,0,0,0,0%,0%,0%,0,30000,10,2,Locked
33137933,8,Holographic,★★★★★,EOT 518,-,-,5,7,0,0,-5,0%,0%,0,0,0,0%,0%,0%,0,0,0,0,
33148543,251,Exclusive,★★★★★,Demonic Bell,-,-,0,36,5,0,0,0%,0%,0,0,0,0%,0%,0%,0,30000,10,16,Locked
33175941,4,Optical,★★★★★,VFL 6-24X56,-,-,0,0,0,0,0,0%,19%,0,0,0,0%,0%,0%,0,0,0,0,
33187996,252,Exclusive,★★★★★,Grimoire Vol. II,-,-,10,5,0,0,0,0%,50%,0,0,0,0%,0%,0%,0,30000,10,16,Locked
33220000,12,Red Dot,★★★★★,ITI MARS,-,-,0,12,0,0,-2,0%,0%,0,0,0,0%,0%,0%,0,0,0,0,
33226901,253,Exclusive,★★★★★,Miraculous Curry Ladle,-,-,3,0,22,0,0,0%,0%,0,0,0,0%,0%,0%,0,1,0,0,Locked
33250397,207,Exclusive,★★★★★,PT-3 Stock,-,-,4,0,20,0,0,0%,0%,0,0,0,0%,0%,0%,0,30000,10,6,Locked
33380990,234,Chipset,★★★★★,#2 Processor,-,-,15,0,0,0,25,-50%,0%,0,0,0,0%,0%,0%,0,10000,10,5,Locked
33383249,234,Chipset,★★★★★,#2 Processor,-,-,15,0,0,0,25,-50%,0%,0,0,0,0%,0%,0%,0,10000,10,6,Locked
33386330,229,SLAP,★★★★★,Mk1000 SLAP,-,-,0,0,0,0,-5,0%,0%,500,0,0,0%,0%,0%,0,10000,10,9,Locked
33441641,32,High-velocity,★★★★★,APCR High-Velocity Ammo,-,-,20,0,0,0,0,0%,0%,0,0,0,0%,0%,0%,0,10000,10,6,Locked
33475551,211,Exclusive,★★★★★,Arisaka AP Rounds,-,-,10,0,0,0,0,0%,0%,180,0,0,0%,0%,0%,0,30000,10,16,Locked
33476923,169,Exclusive,★★★★★,Am RFB Quad Rail,-,-,0,0,0,0,0,7%,20%,0,0,0,0%,0%,0%,0,1,0,0,Locked
33476928,168,Exclusive,★★★★★,Folding Stock,-,-,0,0,13,0,0,0%,12%,0,0,0,0%,0%,0%,0,1,0,0,Locked
33478430,229,SLAP,★★★★★,Mk1000 SLAP,-,-,0,0,0,0,-5,0%,0%,491,0,0,0%,0%,0%,0,10000,10,0,Locked
33578305,44,Armor Plate,★★★★★,Type 3 Armor Plate,-,-,0,0,-2,0,0,0%,0%,0,7,0,0%,0%,0%,0,1,0,0,
33658640,12,Red Dot,★★★★★,ITI MARS,-,-,0,11,0,0,-3,0%,0%,0,0,0,0%,0%,0%,0,1,0,0,
33696224,234,Chipset,★★★★★,#2 Processor,-,-,15,0,0,0,25,-50%,0%,0,0,0,0%,0%,0%,0,10000,10,6,Locked
33696227,227,M1022 AP,★★★★★,M1022 Sniper Rounds,-,-,10,0,0,0,0,0%,0%,120,0,0,0%,0%,0%,0,10000,10,16,Locked
33702997,32,High-velocity,★★★★★,APCR High-Velocity Ammo,-,-,20,0,0,0,0,0%,0%,0,0,0,0%,0%,0%,0,10000,10,5,Locked
33703852,227,M1022 AP,★★★★★,M1022 Sniper Rounds,-,-,10,0,0,0,0,0%,0%,120,0,0,0%,0%,0%,0,10000,10,16,Locked
33706536,66,Suppressor,★★★★★,AC4 Suppressor,-,-,0,0,6,0,0,0%,13%,0,0,0,0%,0%,0%,0,0,0,0,
33714037,58,X-Exo,★★★★★,IOP X4 Exoskeleton,-,-,0,0,8,0,0,0%,0%,0,0,0,0%,0%,0%,0,0,0,0,
33716684,80,Slug,★★★★★,SABOT Slug,-,-,0,9,0,0,0,0%,0%,0,0,0,0%,0%,0%,0,0,0,0,
33716707,227,M1022 AP,★★★★★,M1022 Sniper Rounds,47790947,M1918 Mod,10,0,0,0,0,0%,0%,120,0,0,0%,0%,0%,0,10000,10,14,Locked
33718192,234,Chipset,★★★★★,#2 Processor,-,-,15,0,0,0,25,-50%,0%,0,0,0,0%,0%,0%,0,10000,10,16,Locked
33718816,234,Chipset,★★★★★,#2 Processor,-,-,15,0,0,0,25,-50%,0%,0,0,0,0%,0%,0%,0,10000,10,6,Locked
33720461,76,Buckshot,★★★★★,#000 Buckshot,-,-,7,0,0,0,0,12%,0%,0,0,0,0%,0%,0%,0,0,0,0,
33720477,225,Flare,★★★★★,Signal Flare,-,-,0,0,0,0,-3,0%,0%,0,0,0,0%,0%,0%,0,0,0,0,Locked
33720488,234,Chipset,★★★★★,#2 Processor,-,-,15,0,0,0,25,-50%,0%,0,0,0,0%,0%,0%,0,10000,10,6,Locked
33720490,72,Hollow-point,★★★★★,ILM Hollow-Point Ammo,-,-,8,0,0,0,0,0%,0%,-8,0,0,0%,0%,0%,0,0,0,0,
33720491,235,Flashbang,★★★★★,Shotgun Flash Shells,-,-,0,9,0,0,0,0%,0%,0,0,0,0%,0%,0%,0,0,0,0,Locked
33721267,72,Hollow-point,★★★★★,ILM Hollow-Point Ammo,-,-,8,0,0,0,0,0%,0%,-9,0,0,0%,0%,0%,0,0,0,0,
33721332,234,Chipset,★★★★★,#2 Processor,-,-,15,0,0,0,25,-50%,0%,0,0,0,0%,0%,0%,0,10000,10,6,Locked
33721333,225,Flare,★★★★★,Signal Flare,-,-,0,0,0,0,-3,0%,0%,0,0,0,0%,0%,0%,0,0,0,0,Locked
33721583,72,Hollow-point,★★★★★,ILM Hollow-Point Ammo,-,-,8,0,0,0,0,0%,0%,-9,0,0,0%,0%,0%,0,0,0,0,
33724598,234,Chipset,★★★★★,#2 Processor,-,-,15,0,0,0,25,-50%,0%,0,0,0,0%,0%,0%,0,10000,10,6,Locked
33724599,32,High-velocity,★★★★★,APCR High-Velocity Ammo,-,-,20,0,0,0,0,0%,0%,0,0,0,0%,0%,0%,0,10000,10,6,Locked
33725164,76,Buckshot,★★★★★,#000 Buckshot,-,-,8,0,0,0,0,12%,0%,0,0,0,0%,0%,0%,0,0,0,0,
33725493,224,RMR,★★★★★,RMR T4 Red Dot Sight,-,-,0,10,0,0,0,0%,13%,0,0,0,0%,0%,0%,0,0,0,0,
33725496,224,RMR,★★★★★,RMR T4 Red Dot Sight,-,-,0,20,0,0,0,0%,30%,0,0,0,0%,0%,0%,0,10000,10,6,Locked
33726089,40,T-Exo,★★★★★,IOP T4 Exoskeleton,-,-,-6,0,21,0,0,0%,0%,0,0,0,0%,0%,0%,0,0,0,0,
33726093,234,Chipset,★★★★★,#2 Processor,-,-,15,0,0,0,25,-50%,0%,0,0,0,0%,0%,0%,0,10000,10,3,Locked
33727335,76,Buckshot,★★★★★,#000 Buckshot,-,-,7,0,0,0,0,12%,0%,0,0,0,0%,0%,0%,0,0,0,0,
33729174,72,Hollow-point,★★★★★,ILM Hollow-Point Ammo,-,-,9,0,0,0,0,0%,0%,-8,0,0,0%,0%,0%,0,0,0,0,
33730006,224,RMR,★★★★★,RMR T4 Red Dot Sight,-,-,0,20,0,0,0,0%,30%,0,0,0,0%,0%,0%,0,10000,10,6,Locked
33730417,32,High-velocity,★★★★★,APCR High-Velocity Ammo,-,-,20,0,0,0,0,0%,0%,0,0,0,0%,0%,0%,0,10000,10,1,Locked
33732422,72,Hollow-point,★★★★★,ILM Hollow-Point Ammo,-,-,7,0,0,0,0,0%,0%,-9,0,0,0%,0%,0%,0,0,0,0,
33734625,72,Hollow-point,★★★★★,ILM Hollow-Point Ammo,-,-,7,0,0,0,0,0%,0%,-9,0,0,0%,0%,0%,0,0,0,0,
33735380,76,Buckshot,★★★★★,#000 Buckshot,-,-,7,0,0,0,0,12%,0%,0,0,0,0%,0%,0%,0,0,0,0,
33737137,80,Slug,★★★★★,SABOT Slug,-,-,0,10,0,0,0,0%,0%,0,0,0,0%,0%,0%,0,0,0,0,
33737148,40,T-Exo,★★★★★,IOP T4 Exoskeleton,-,-,-7,0,21,0,0,0%,0%,0,0,0,0%,0%,0%,0,0,0,0,
33743647,44,Armor Plate,★★★★★,Type 3 Armor Plate,-,-,0,0,-2,0,0,0%,0%,0,6,0,0%,0%,0%,0,0,0,0,
33743649,224,RMR,★★★★★,RMR T4 Red Dot Sight,-,-,0,10,0,0,0,0%,13%,0,0,0,0%,0%,0%,0,0,0,0,
33743663,76,Buckshot,★★★★★,#000 Buckshot,-,-,11,0,0,0,0,17%,0%,0,0,0,0%,0%,0%,0,10000,10,0,
33747489,66,Suppressor,★★★★★,AC4 Suppressor,-,-,0,0,6,0,0,0%,12%,0,0,0,0%,0%,0%,0,0,0,0,
33747514,225,Flare,★★★★★,Signal Flare,-,-,0,0,0,0,-3,0%,0%,0,0,0,0%,0%,0%,0,0,0,0,Locked
33782146,44,Armor Plate,★★★★★,Type 3 Armor Plate,-,-,0,0,-2,0,0,0%,0%,0,6,0,0%,0%,0%,0,0,0,0,
33782147,66,Suppressor,★★★★★,AC4 Suppressor,-,-,0,0,6,0,0,0%,13%,0,0,0,0%,0%,0%,0,0,0,0,
33792714,224,RMR,★★★★★,RMR T4 Red Dot Sight,-,-,0,10,0,0,0,0%,13%,0,0,0,0%,0%,0%,0,0,0,0,
33802208,44,Armor Plate,★★★★★,Type 3 Armor Plate,-,-,0,0,-2,0,0,0%,0%,0,6,0,0%,0%,0%,0,0,0,0,
33815349,224,RMR,★★★★★,RMR T4 Red Dot Sight,104519555,Python,0,20,0,0,0,0%,30%,0,0,0,0%,0%,0%,0,10000,10,6,Locked
33842197,12,Red Dot,★★★★★,ITI MARS,-,-,0,13,0,0,-3,0%,0%,0,0,0,0%,0%,0%,0,0,0,0,
33847042,266,Exclusive,★★★★★,ImpulsIIA/C,-,-,0,0,15,0,0,0%,9%,0,0,0,0%,0%,0%,0,1,0,7,Locked
33851529,40,T-Exo,★★★★★,IOP T4 Exoskeleton,-,-,-7,0,21,0,0,0%,0%,0,0,0,0%,0%,0%,0,0,0,0,
33868355,224,RMR,★★★★★,RMR T4 Red Dot Sight,-,-,0,20,0,0,0,0%,30%,0,0,0,0%,0%,0%,0,10000,10,6,Locked
33870418,224,RMR,★★★★★,RMR T4 Red Dot Sight,-,-,0,18,0,0,0,0%,27%,0,0,0,0%,0%,0%,0,10000,10,0,Locked
33875123,12,Red Dot,★★★★★,ITI MARS,-,-,0,12,0,0,-1,0%,0%,0,0,0,0%,0%,0%,0,0,0,0,
33878993,58,X-Exo,★★★★★,IOP X4 Exoskeleton,-,-,0,0,8,0,0,0%,0%,0,0,0,0%,0%,0%,0,0,0,0,
33882675,20,Armor-piercing,★★★★★,Mk211 High-Explosive Armor-Piercing Ammo,-,-,0,0,0,0,0,0%,0%,115,0,0,0%,0%,0%,0,0,0,0,
33891039,16,Night Equipment,★★★★★,PEQ-16A,-,-,0,0,0,0,0,0%,0%,0,0,0,0%,0%,93%,0,0,0,0,
33954459,234,Chipset,★★★★★,#2 Processor,-,-,15,0,0,0,25,-50%,0%,0,0,0,0%,0%,0%,0,10000,10,6,Locked
33962468,216,Exclusive,★★★★★,20-gauge Custom Slug Rounds,-,-,9,0,0,0,0,0%,19%,0,0,0,0%,0%,0%,0,6451,5,0,Locked
33963668,20,Armor-piercing,★★★★★,Mk211 High-Explosive Armor-Piercing Ammo,-,-,0,0,0,0,0,0%,0%,114,0,0,0%,0%,0%,0,0,0,0,
34000933,40,T-Exo,★★★★★,IOP T4 Exoskeleton,-,-,-7,0,21,0,0,0%,0%,0,0,0,0%,0%,0%,0,1,0,0,
34001862,12,Red Dot,★★★★★,ITI MARS,-,-,0,13,0,0,-2,0%,0%,0,0,0,0%,0%,0%,0,0,0,0,
34010988,259,Exclusive,★★★★★,Old Camouflage Uniform,-,-,0,0,0,0,0,45%,0%,0,0,0,0%,0%,0%,0,30000,10,8,Locked
34020606,224,RMR,★★★★★,RMR T4 Red Dot Sight,-,-,0,17,0,0,0,0%,27%,0,0,0,0%,0%,0%,0,10000,10,0,Locked
34020607,44,Armor Plate,★★★★★,Type 3 Armor Plate,-,-,0,0,-2,0,0,0%,0%,0,7,0,0%,0%,0%,0,0,0,0,
34050148,224,RMR,★★★★★,RMR T4 Red Dot Sight,-,-,0,17,0,0,0,0%,27%,0,0,0,0%,0%,0%,0,10000,10,0,Locked
34051821,227,M1022 AP,★★★★★,M1022 Sniper Rounds,142449719,Kord,10,0,0,0,0,0%,0%,120,0,0,0%,0%,0%,0,10000,10,16,Locked
34059065,231,Birdshot,★★★★★,#7.5 Birdshot,-,-,0,0,0,0,7,-17%,0%,0,0,0,0%,0%,0%,0,0,0,0,Locked
34073568,4,Optical,★★★★★,VFL 6-24X56,-,-,0,0,0,0,0,0%,21%,0,0,0,0%,0%,0%,0,1,0,0,
34076401,192,Exclusive,★★★★★,Beloved Dangle,-,-,-8,0,45,0,0,0%,0%,0,0,0,0%,0%,0%,0,30000,10,9,Locked
34097601,80,Slug,★★★★★,SABOT Slug,-,-,0,9,0,0,0,0%,0%,0,0,0,0%,0%,0%,0,0,0,0,
34101607,190,Exclusive,★★★★★,G-box,-,-,20,10,0,0,0,25%,0%,0,0,0,0%,0%,0%,0,30000,10,1,Locked
34124550,235,Flashbang,★★★★★,Shotgun Flash Shells,-,-,0,11,0,0,0,0%,0%,0,0,0,0%,0%,0%,0,0,0,0,Locked
34124551,229,SLAP,★★★★★,Mk1000 SLAP,-,-,0,0,0,0,-5,0%,0%,487,0,0,0%,0%,0%,0,10000,10,0,Locked
34153837,229,SLAP,★★★★★,Mk1000 SLAP,-,-,0,0,0,0,-5,0%,0%,488,0,0,0%,0%,0%,0,10000,10,0,Locked
34163417,12,Red Dot,★★★★★,ITI MARS,-,-,0,12,0,0,-2,0%,0%,0,0,0,0%,0%,0%,0,0,0,0,
34175932,66,Suppressor,★★★★★,AC4 Suppressor,-,-,0,0,6,0,0,0%,12%,0,0,0,0%,0%,0%,0,0,0,0,
34216191,224,RMR,★★★★★,RMR T4 Red Dot Sight,-,-,0,18,0,0,0,0%,27%,0,0,0,0%,0%,0%,0,10000,10,0,Locked
34219214,58,X-Exo,★★★★★,IOP X4 Exoskeleton,-,-,0,0,9,0,0,0%,0%,0,0,0,0%,0%,0%,0,0,0,0,
34230269,8,Holographic,★★★★★,EOT 518,-,-,5,8,0,0,-5,0%,0%,0,0,0,0%,0%,0%,0,0,0,0,
34247303,224,RMR,★★★★★,RMR T4 Red Dot Sight,-,-,0,18,0,0,0,0%,27%,0,0,0,0%,0%,0%,0,10000,10,0,Locked
34249146,40,T-Exo,★★★★★,IOP T4 Exoskeleton,-,-,-7,0,21,0,0,0%,0%,0,0,0,0%,0%,0%,0,0,0,0,
34259958,72,Hollow-point,★★★★★,ILM Hollow-Point Ammo,-,-,8,0,0,0,0,0%,0%,-9,0,0,0%,0%,0%,0,0,0,0,
34277736,72,Hollow-point,★★★★★,ILM Hollow-Point Ammo,-,-,7,0,0,0,0,0%,0%,-9,0,0,0%,0%,0%,0,0,0,0,
34366720,90,Camouflage Cape,★★★★★,Thermoptic Camouflage Cape,-,-,0,0,0,-3,0,12%,0%,0,0,0,0%,0%,0%,0,1,0,0,
34373602,236,Exclusive,★★★★★,Thompson's Exoskeleton,-,-,-8,0,34,0,0,0%,0%,0,0,0,0%,0%,0%,0,10901,6,10,Locked
34388178,265,Exclusive,★★★★★,Synthetic Pistol Grip,-,-,3,14,0,0,0,0%,0%,0,0,0,0%,0%,0%,0,1,0,0,Locked
34397070,229,SLAP,★★★★★,Mk1000 SLAP,-,-,0,0,0,0,-5,0%,0%,481,0,0,0%,0%,0%,0,10000,10,0,Locked
34407486,4,Optical,★★★★★,VFL 6-24X56,-,-,0,0,0,0,0,0%,19%,0,0,0,0%,0%,0%,0,0,0,0,
34462524,224,RMR,★★★★★,RMR T4 Red Dot Sight,-,-,0,10,0,0,0,0%,13%,0,0,0,0%,0%,0%,0,0,0,0,
34477151,32,High-velocity,★★★★★,APCR High-Velocity Ammo,-,-,13,0,0,0,0,0%,0%,0,0,0,0%,0%,0%,0,600,2,4,Locked
34487512,197,Exclusive,★★★★★,Mk31 Multi-functional Exoskeleton,-,-,-6,0,47,0,0,0%,0%,0,0,0,0%,0%,0%,0,30000,10,0,Locked
34489604,8,Holographic,★★★★★,EOT 518,-,-,4,8,0,0,-5,0%,0%,0,0,0,0%,0%,0%,0,0,0,0,
34505291,229,SLAP,★★★★★,Mk1000 SLAP,-,-,0,0,0,0,-5,0%,0%,490,0,0,0%,0%,0%,0,10000,10,0,Locked
34527057,229,SLAP,★★★★★,Mk1000 SLAP,-,-,0,0,0,0,-5,0%,0%,489,0,0,0%,0%,0%,0,10000,10,0,Locked
34528124,229,SLAP,★★★★★,Mk1000 SLAP,-,-,0,0,0,0,-5,0%,0%,485,0,0,0%,0%,0%,0,10000,10,0,Locked
34528126,16,Night Equipment,★★★★★,PEQ-16A,-,-,0,0,0,0,0,0%,0%,0,0,0,0%,0%,92%,0,0,0,0,
34550555,76,Buckshot,★★★★★,#000 Buckshot,-,-,8,0,0,0,0,11%,0%,0,0,0,0%,0%,0%,0,1,0,0,
34553455,8,Holographic,★★★★★,EOT 518,-,-,4,7,0,0,-5,0%,0%,0,0,0,0%,0%,0%,0,0,0,0,
34554771,72,Hollow-point,★★★★★,ILM Hollow-Point Ammo,-,-,7,0,0,0,0,0%,0%,-9,0,0,0%,0%,0%,0,0,0,0,
34555541,224,RMR,★★★★★,RMR T4 Red Dot Sight,-,-,0,10,0,0,0,0%,13%,0,0,0,0%,0%,0%,0,0,0,0,
34565371,68,Ammunition Box,★★★★★,IOP Maximum Ammo Box,-,-,0,0,-2,0,0,0%,0%,0,0,0,0%,0%,0%,2,1,0,0,
34573274,228,SLAP,★★★★,Mk900 SLAP,-,-,0,0,0,0,-5,0%,0%,399,0,0,0%,0%,0%,0,5000,10,0,
34586864,66,Suppressor,★★★★★,AC4 Suppressor,-,-,0,0,6,0,0,0%,12%,0,0,0,0%,0%,0%,0,0,0,0,
34598913,66,Suppressor,★★★★★,AC4 Suppressor,-,-,0,0,7,0,0,0%,13%,0,0,0,0%,0%,0%,0,0,0,0,
34618471,76,Buckshot,★★★★★,#000 Buckshot,-,-,8,0,0,0,0,12%,0%,0,0,0,0%,0%,0%,0,1,0,0,
34627035,233,Chipset,★★★★,#1 Processor,-,-,4,0,0,0,9,-50%,0%,0,0,0,0%,0%,0%,0,0,0,0,
34627513,233,Chipset,★★★★,#1 Processor,-,-,5,0,0,0,8,-50%,0%,0,0,0,0%,0%,0%,0,0,0,0,Locked
34630768,20,Armor-piercing,★★★★★,Mk211 High-Explosive Armor-Piercing Ammo,-,-,0,0,0,0,0,0%,0%,115,0,0,0%,0%,0%,0,0,0,0,
34631289,72,Hollow-point,★★★★★,ILM Hollow-Point Ammo,-,-,8,0,0,0,0,0%,0%,-8,0,0,0%,0%,0%,0,0,0,0,
34632297,32,High-velocity,★★★★★,APCR High-Velocity Ammo,-,-,20,0,0,0,0,0%,0%,0,0,0,0%,0%,0%,0,10000,10,3,Locked
34632932,233,Chipset,★★★★,#1 Processor,-,-,4,0,0,0,9,-50%,0%,0,0,0,0%,0%,0%,0,0,0,0,
34641577,66,Suppressor,★★★★★,AC4 Suppressor,-,-,0,0,6,0,0,0%,12%,0,0,0,0%,0%,0%,0,0,0,0,
34644468,229,SLAP,★★★★★,Mk1000 SLAP,-,-,0,0,0,0,-5,0%,0%,482,0,0,0%,0%,0%,0,10000,10,0,Locked
34652152,233,Chipset,★★★★,#1 Processor,-,-,4,0,0,0,8,-50%,0%,0,0,0,0%,0%,0%,0,0,0,0,
34652154,12,Red Dot,★★★★★,ITI MARS,-,-,0,12,0,0,-2,0%,0%,0,0,0,0%,0%,0%,0,0,0,0,
34655673,234,Chipset,★★★★★,#2 Processor,-,-,15,0,0,0,25,-50%,0%,0,0,0,0%,0%,0%,0,10000,10,16,Locked
34656945,233,Chipset,★★★★,#1 Processor,-,-,4,0,0,0,8,-50%,0%,0,0,0,0%,0%,0%,0,0,0,0,
34659405,175,Exclusive,★★★★★,BPR4 & SRM6,-,-,2,0,6,0,0,0%,20%,0,0,0,0%,0%,0%,0,1,0,0,
34664635,233,Chipset,★★★★,#1 Processor,-,-,5,0,0,0,8,-50%,0%,0,0,0,0%,0%,0%,0,0,0,0,
34665751,44,Armor Plate,★★★★★,Type 3 Armor Plate,-,-,0,0,-2,0,0,0%,0%,0,6,0,0%,0%,0%,0,0,0,0,
34668387,234,Chipset,★★★★★,#2 Processor,-,-,15,0,0,0,25,-50%,0%,0,0,0,0%,0%,0%,0,10000,10,16,Locked
34673299,68,Ammunition Box,★★★★★,IOP Maximum Ammo Box,-,-,0,0,-2,0,0,0%,0%,0,0,0,0%,0%,0%,2,1,0,0,
34678944,234,Chipset,★★★★★,#2 Processor,-,-,15,0,0,0,25,-50%,0%,0,0,0,0%,0%,0%,0,10000,10,9,Locked
34680484,231,Birdshot,★★★★★,#7.5 Birdshot,-,-,0,0,0,0,6,-16%,0%,0,0,0,0%,0%,0%,0,0,0,0,
